Player key,Age,Age when joined,Appearances,Assists,Assists p90,Competition,Foot,Games started,Goals,Goals p90,Height,In squad,Market value,Minutes played,PPG,Position group,Red cards,Second yellow cards,Shirt number,Substitutions off,Substitutions on,Years in team,Yellow cards,Yellow cards p90,Market value (prediction)
Adam Clayton (14/15),25.0,25.57752725928664,53.0,4.0,0.0914169629253428,"Championship, Championship Playoffs, FA Cup, League Cup",right,49.0,0.0,0.0,175.0,50.0,1.35,3938.0,1.921698113207547,M,0.0,1.0,8.0,9.0,4.0,0.8816060562502994,12.0,0.27425088877602843,2.1011900469726905
Adam Clayton (15/16),27.0,25.57752725928664,52.0,1.0,0.022733013387218996,"Championship, FA Cup, League Cup",right,48.0,1.0,0.022733013387218996,175.0,50.0,1.88,3959.0,1.9125,M,0.0,0.0,8.0,6.0,4.0,1.8836800208080933,13.0,0.29552917403384693,2.2250516492633334
Adam Clayton (16/17),28.0,25.57752725928664,46.0,2.0,0.04851752021563342,"FA Cup, League Cup, Premier League",right,44.0,0.0,0.0,175.0,48.0,2.55,3710.0,0.9978260869565218,M,0.0,0.0,8.0,6.0,2.0,2.8830160783588985,12.0,0.29110512129380056,3.79604692295354
Adam Clayton (17/18),29.0,25.57752725928664,48.0,0.0,0.0,"Championship, Championship Playoffs, FA Cup, League Cup",right,37.0,0.0,0.0,175.0,40.0,2.7,2474.0,1.5408333333333333,M,0.0,0.0,8.0,6.0,11.0,3.882352135909704,11.0,0.40016168148746967,2.1303636507676247
Adam Clayton (18/19),30.0,25.57752725928664,44.0,0.0,0.0,"Championship, FA Cup, League Cup",right,37.0,0.0,0.0,175.0,3.0,3.15,2599.0,1.5529545454545455,M,0.0,0.0,8.0,8.0,7.0,4.881688193460509,11.0,0.38091573682185453,2.7918622572124128
Adam Clayton (19/20),31.0,25.57752725928664,31.0,0.0,0.0,"Championship, FA Cup, League Cup",right,27.0,0.0,0.0,175.0,3.0,1.8,1882.0,1.278709677419355,M,0.0,0.0,8.0,10.0,4.0,5.883762158018303,4.0,0.19128586609989373,2.112304896778991
Adam Forshaw (14/15),22.0,23.307802350493166,34.0,0.0,0.0,"Championship, Championship Playoffs, FA Cup, League Cup",right,20.0,0.0,0.0,185.0,22.0,0.188,717.0,1.9235294117647062,M,0.0,0.0,34.0,2.0,14.0,0.4216376790762302,3.0,0.37656903765690375,2.0747523228732865
Adam Forshaw (15/16),24.0,23.307802350493166,55.0,2.0,0.12337217272104181,"Championship, FA Cup, League Cup",right,34.0,2.0,0.12337217272104181,185.0,46.0,1.69,1459.0,2.111090909090909,M,0.0,0.0,34.0,2.0,21.0,1.423711643634024,1.0,0.061686086360520906,1.3346685226264259
Adam Forshaw (16/17),25.0,23.307802350493166,42.0,2.0,0.06474820143884892,"FA Cup, League Cup, Premier League",right,36.0,0.0,0.0,180.0,46.0,2.55,2780.0,0.7619047619047619,M,0.0,0.0,34.0,9.0,6.0,2.4230477011848293,4.0,0.12949640287769784,3.4391912066151455
Adam Forshaw (17/18),26.0,,20.0,0.0,0.0,"Championship, FA Cup, League Cup",,14.0,0.0,0.0,,19.0,,721.0,1.9235,M,0.0,0.0,0.0,3.0,6.0,,1.0,0.12482662968099861,0.8637310908610663
Adam Hammill (11/12),23.0,24.099057475512843,12.0,0.0,0.0,"Championship, FA Cup, League Cup",left,10.0,0.0,0.0,178.0,13.0,0.75,717.0,1.0,M,0.0,0.0,0.0,4.0,2.0,0.3340246548525979,0.0,0.0,1.182549652595336
Adam Jackson (13/14),19.0,,0.0,0.0,0.0,Championship,,0.0,0.0,0.0,,2.0,,0.0,0.0,D,0.0,0.0,0.0,0.0,0.0,,0.0,0.0,0.2704041867368734
Adam Jackson (15/16),22.0,,0.0,0.0,0.0,League Cup,,0.0,0.0,0.0,,1.0,,0.0,0.0,D,0.0,0.0,0.0,0.0,0.0,,0.0,0.0,0.2853912011607498
Adam Johnson (09/10),21.0,17.966145779858586,29.0,9.0,0.34162800506115565,"Championship, FA Cup, League Cup",left,28.0,12.0,0.4555040067482075,182.0,28.0,1.58,2371.0,1.2196551724137932,M,0.0,0.0,0.0,5.0,1.0,4.999418194761015,3.0,0.11387600168705188,1.2854352592433118
Adam Johnson (10/11),21.0,,27.0,9.0,0.36502929247408744,Championship,,26.0,11.0,0.44614691302388465,,26.0,,2219.0,1.3100000000000003,M,0.0,0.0,0.0,4.0,1.0,,3.0,0.12167643082469581,1.2942394220912512
Adam Reach (10/11),17.0,,0.0,0.0,0.0,"FA Cup, League Cup",left,0.0,0.0,0.0,185.0,0.0,,0.0,0.0,M,0.0,0.0,0.0,0.0,0.0,,0.0,0.0,0.8794524083781888
Adam Reach (11/12),18.0,18.40421090097675,4.0,0.0,0.0,"Championship, FA Cup, League Cup",left,2.0,0.0,0.0,185.0,3.0,,64.0,0.0,M,0.0,0.0,0.0,0.0,2.0,1.0020739645577939,0.0,0.0,0.8936098311346974
Adam Reach (12/13),19.0,18.40421090097675,29.0,2.0,0.17045454545454544,"Championship, FA Cup, League Cup",left,20.0,2.0,0.17045454545454544,185.0,27.0,,1056.0,1.8579310344827586,M,0.0,0.0,0.0,4.0,9.0,2.001410022108599,1.0,0.08522727272727272,1.0521943096334099
Adam Reach (13/14),20.0,18.40421090097675,3.0,1.0,0.6716417910447762,"Championship, FA Cup, League Cup",left,2.0,0.0,0.0,185.0,3.0,0.188,134.0,3.0,M,0.0,0.0,0.0,0.0,1.0,3.0007460796594043,0.0,0.0,1.2169598676167908
Adam Reach (14/15),21.0,18.40421090097675,63.0,7.0,0.2239601848560256,"Championship, Championship Playoffs, FA Cup, League Cup",left,46.0,3.0,0.09598293636686811,185.0,52.0,0.375,2813.0,1.9103174603174604,M,0.0,0.0,20.0,9.0,17.0,4.000082137210209,4.0,0.12797724848915748,1.6544836052823477
Adam Reach (15/16),23.0,,8.0,0.0,0.0,"Championship, League Cup",,6.0,1.0,0.2980132450331126,,6.0,,302.0,2.375,M,0.0,0.0,0.0,3.0,2.0,,0.0,0.0,0.8288562539007128
Adam Reach (16/17),24.0,,0.0,0.0,0.0,Premier League,,0.0,0.0,0.0,,1.0,,0.0,0.0,M,0.0,0.0,0.0,0.0,0.0,,0.0,0.0,0.45036767654072923
Adama Traoré (16/17),21.0,20.60001232058153,48.0,1.0,0.04405286343612335,"FA Cup, League Cup, Premier League",right,35.0,0.0,0.0,172.0,42.0,6.8,2043.0,0.9241666666666667,M,0.0,0.0,37.0,11.0,13.0,0.8323237301245063,3.0,0.13215859030837004,2.944496437484936
Adama Traoré (17/18),22.0,20.60001232058153,48.0,12.0,0.3891891891891892,"Championship, Championship Playoffs, FA Cup, League Cup",right,40.0,5.0,0.16216216216216217,172.0,46.0,7.2,2775.0,1.405833333333333,M,2.0,0.0,37.0,9.0,8.0,1.8316597876753116,4.0,0.12972972972972974,1.0539089330463205
Aden Flint (18/19),29.0,28.972531947952387,41.0,1.0,0.02476609796367639,"Championship, FA Cup, League Cup",right,41.0,1.0,0.02476609796367639,197.0,3.0,6.3,3634.0,1.4424390243902439,D,0.0,0.0,24.0,1.0,0.0,0.9993360575508052,5.0,0.12383048981838195,3.668694673796028
Adlène Guédioura (16/17),31.0,31.220353600689954,10.0,0.0,0.0,"FA Cup, Premier League",right,5.0,0.0,0.0,178.0,8.0,0.85,135.0,0.2,M,0.0,0.0,27.0,0.0,5.0,0.41342395805526466,0.0,0.0,1.434120682319938
Adlène Guédioura (17/18),32.0,,1.0,0.0,0.0,Championship,,1.0,0.0,0.0,,2.0,,50.0,3.0,M,0.0,0.0,0.0,1.0,0.0,,0.0,0.0,0.7660011775880655
Afonso Alves (09/10),28.0,26.919101692711006,0.0,0.0,0.0,"Championship, FA Cup, League Cup",right,0.0,0.0,0.0,185.0,0.0,5.1,0.0,0.0,F,0.0,0.0,0.0,0.0,0.0,2.496971190373519,0.0,0.0,1.7378825364110453
Afonso Alves (10/11),28.0,,0.0,0.0,0.0,Championship,,0.0,0.0,0.0,,0.0,,0.0,0.0,F,0.0,0.0,0.0,0.0,0.0,,0.0,0.0,1.0878637288815025
Albert Adomah (13/14),25.0,25.654188655482315,48.0,6.0,0.1553956834532374,"Championship, FA Cup, League Cup",right,43.0,12.0,0.3107913669064748,185.0,43.0,1.5,3475.0,1.3033333333333335,M,0.0,0.0,27.0,11.0,5.0,0.8952955912852419,2.0,0.051798561151079135,2.532976195341271
Albert Adomah (14/15),26.0,25.654188655482315,55.0,5.0,0.10880077369439071,"Championship, Championship Playoffs, FA Cup, League Cup",right,51.0,6.0,0.13056092843326886,185.0,52.0,1.65,4136.0,1.8647272727272728,M,0.0,1.0,27.0,11.0,4.0,1.8946316488360473,9.0,0.1958413926499033,2.9504353805252497
Albert Adomah (15/16),28.0,25.654188655482315,55.0,8.0,0.20454545454545456,"Championship, FA Cup, League Cup",right,47.0,8.0,0.20454545454545456,185.0,47.0,1.5,3520.0,1.8818181818181818,M,0.0,0.0,27.0,11.0,8.0,2.896705613393841,1.0,0.02556818181818182,2.3237113093134303
Albert Adomah (16/17),29.0,,3.0,0.0,0.0,Premier League,,2.0,0.0,0.0,,2.0,,121.0,2.0,M,0.0,0.0,0.0,0.0,1.0,,0.0,0.0,0.6733333964692676
Alex Baptiste (16/17),31.0,29.42702451111248,2.0,0.0,0.0,"FA Cup, League Cup, Premier League",right,2.0,0.0,0.0,180.0,4.0,0.85,240.0,0.0,D,0.0,0.0,15.0,0.0,0.0,1.9877204870736565,0.0,0.0,1.155918747984074
Alex Nimely (11/12),20.0,20.30979417784075,19.0,0.0,0.0,"Championship, FA Cup, League Cup",right,10.0,0.0,0.0,180.0,12.0,,267.0,0.6347368421052632,F,0.0,0.0,0.0,0.0,9.0,0.8323237301245063,0.0,0.0,1.3943287639877804
Andre Bennett (12/13),17.0,,0.0,0.0,0.0,"Championship, FA Cup, League Cup",right,0.0,0.0,0.0,,0.0,,0.0,0.0,D,0.0,0.0,0.0,0.0,0.0,,0.0,0.0,0.9140409782317376
Andre Bennett (14/15),19.0,,0.0,0.0,0.0,"Championship, Championship Playoffs, FA Cup, League Cup",right,0.0,0.0,0.0,,1.0,,0.0,0.0,D,0.0,0.0,0.0,0.0,0.0,,0.0,0.0,0.9601224627689511
Andrew Davies (10/11),25.0,26.20177005688002,0.0,0.0,0.0,"FA Cup, League Cup",right,0.0,0.0,0.0,190.0,0.0,0.75,0.0,0.0,D,0.0,0.0,0.0,0.0,0.0,0.3340246548525979,0.0,0.0,1.1455048392128169
Andrew Taylor (09/10),22.0,18.9161995112836,17.0,1.0,0.11936339522546419,"Championship, FA Cup, League Cup",left,13.0,0.0,0.0,178.0,27.0,1.88,754.0,1.571764705882353,D,0.0,0.0,0.0,3.0,4.0,4.999418194761015,0.0,0.0,0.6468439954758952
Andrew Taylor (10/11),23.0,18.9161995112836,16.0,1.0,0.14195583596214512,"Championship, FA Cup, League Cup",left,12.0,0.0,0.0,178.0,26.0,1.13,634.0,1.67,D,0.0,0.0,0.0,3.0,4.0,5.99875425231182,0.0,0.0,0.6580620402333073
André Bikey-Amougou (12/13),27.0,27.674764026639835,39.0,0.0,0.0,"Championship, FA Cup, League Cup",right,37.0,1.0,0.02910737386804657,182.0,39.0,1.5,3092.0,1.3474358974358975,D,0.0,0.0,0.0,3.0,2.0,0.8022067530476328,6.0,0.17464424320827943,1.683287919516898
Andy Halliday (10/11),18.0,18.721808113787414,2.0,0.0,0.0,"FA Cup, League Cup",left,1.0,0.0,0.0,181.0,2.0,0.113,26.0,0.0,M,0.0,0.0,0.0,0.0,1.0,0.9993360575508052,0.0,0.0,0.7718096069935885
Andy Halliday (11/12),19.0,18.721808113787414,2.0,0.0,0.0,"Championship, FA Cup, League Cup",left,1.0,0.0,0.0,181.0,4.0,0.375,16.0,1.0,M,0.0,0.0,0.0,0.0,1.0,2.001410022108599,0.0,0.0,0.951825929895042
Andy Halliday (12/13),20.0,18.721808113787414,32.0,1.0,0.05710659898477157,"Championship, FA Cup, League Cup",left,24.0,1.0,0.05710659898477157,181.0,34.0,0.188,1576.0,1.3515625,M,0.0,0.0,0.0,3.0,8.0,3.0007460796594043,2.0,0.11421319796954314,0.9697021200563236
Andy Halliday (13/14),21.0,18.721808113787414,8.0,0.0,0.0,"Championship, FA Cup, League Cup",left,4.0,0.0,0.0,181.0,8.0,0.188,62.0,1.0,M,0.0,0.0,16.0,0.0,4.0,4.000082137210209,0.0,0.0,1.0773338369186654
Andy Lonergan (18/19),35.0,34.78784643079598,2.0,0.0,0.0,"Championship, FA Cup, League Cup",left,2.0,0.0,0.0,193.0,7.0,0.225,180.0,3.0,G,0.0,0.0,31.0,0.0,0.0,0.9117230333271731,0.0,0.0,0.6845673465869506
Anfernee Dijksteel (19/20),23.0,22.776648391137396,16.0,0.0,0.0,"Championship, FA Cup, League Cup",right,13.0,0.0,0.0,183.0,1.0,1.08,890.0,0.778125,D,0.0,0.0,2.0,3.0,3.0,0.9007714052992191,3.0,0.30337078651685395,1.3273519098930127
Antonio Barragán (16/17),29.0,29.092999856259883,28.0,0.0,0.0,"FA Cup, League Cup, Premier League",right,28.0,0.0,0.0,186.0,34.0,2.98,2376.0,0.7810714285714286,D,0.0,0.0,17.0,3.0,0.0,0.9610053594529662,7.0,0.26515151515151514,2.5760650974843986
Ashley Fletcher (17/18),22.0,,34.0,2.0,0.26905829596412556,"Championship, FA Cup, League Cup",,20.0,2.0,0.26905829596412556,,29.0,,669.0,1.4123529411764704,F,0.0,0.0,0.0,5.0,14.0,,0.0,0.0,1.7996852852748937
Ashley Fletcher (18/19),23.0,21.821118845698408,38.0,1.0,0.056568196103079824,"Championship, FA Cup, League Cup",right,28.0,9.0,0.5091137649277184,185.0,8.0,2.7,1591.0,1.6478947368421053,F,0.0,0.0,18.0,10.0,10.0,1.924748625912921,1.0,0.056568196103079824,3.18284015424413
Ashley Fletcher (19/20),24.0,21.821118845698408,42.0,5.0,0.15712290502793297,"Championship, FA Cup, League Cup",right,37.0,10.0,0.31424581005586594,185.0,3.0,3.6,2864.0,1.01,F,0.0,0.0,11.0,10.0,5.0,2.9268225904707146,5.0,0.15712290502793297,3.712418765929231
Aynsley Pears (17/18),20.0,,0.0,0.0,0.0,League Cup,,0.0,0.0,0.0,,1.0,,0.0,0.0,G,0.0,0.0,0.0,0.0,0.0,,0.0,0.0,0.10195220321982058
Aynsley Pears (19/20),22.0,21.18866232708406,23.0,0.0,0.0,"Championship, FA Cup, League Cup",right,23.0,0.0,0.0,185.0,1.0,0.81,2070.0,1.1286956521739129,G,0.0,0.0,42.0,0.0,0.0,1.0020739645577939,0.0,0.0,1.1401424317122906
Barry Robson (09/10),30.0,31.15190592551524,18.0,4.0,0.22684310018903592,"Championship, FA Cup, League Cup",left,18.0,5.0,0.2835538752362949,180.0,18.0,3.38,1587.0,1.39,M,0.0,1.0,0.0,0.0,0.0,0.49556116826491986,6.0,0.34026465028355385,1.9950007282330735
Barry Robson (10/11),31.0,31.15190592551524,19.0,4.0,0.2146690518783542,"Championship, FA Cup, League Cup",left,19.0,5.0,0.26833631484794274,180.0,19.0,1.88,1677.0,1.3168421052631578,M,0.0,1.0,0.0,0.0,0.0,1.4948972258157252,7.0,0.3756708407871199,2.0321396989190275
Barry Robson (11/12),32.0,31.15190592551524,39.0,10.0,0.27157513578756787,"Championship, FA Cup, League Cup",left,39.0,9.0,0.2444176222088111,180.0,39.0,1.13,3314.0,1.5920512820512822,M,1.0,0.0,0.0,11.0,0.0,2.496971190373519,13.0,0.3530476765238383,2.116907203362053
Bartholomew Ogbeche (11/12),26.0,26.998500995913673,30.0,0.0,0.0,"Championship, FA Cup, League Cup",both,18.0,3.0,0.41347626339969373,178.0,31.0,0.45,653.0,1.4050000000000002,F,0.0,0.0,0.0,2.0,12.0,0.7501865199148511,2.0,0.27565084226646247,1.28399546852958
Ben Gibson (09/10),16.0,,0.0,0.0,0.0,"Championship, FA Cup, League Cup",left,0.0,0.0,0.0,185.0,1.0,,0.0,0.0,D,0.0,0.0,0.0,0.0,0.0,,0.0,0.0,0.7371816677074554
Ben Gibson (10/11),17.0,17.456895076558723,0.0,0.0,0.0,"Championship, FA Cup, League Cup",left,0.0,0.0,0.0,185.0,1.0,,0.0,0.0,D,0.0,0.0,0.0,0.0,0.0,0.9993360575508052,0.0,0.0,0.6867715747394748
Ben Gibson (11/12),18.0,17.456895076558723,0.0,0.0,0.0,"Championship, FA Cup, League Cup",left,0.0,0.0,0.0,185.0,0.0,,0.0,0.0,D,0.0,0.0,0.0,0.0,0.0,2.001410022108599,0.0,0.0,0.7075176020026896
Ben Gibson (12/13),19.0,17.456895076558723,2.0,0.0,0.0,"Championship, FA Cup, League Cup",left,1.0,0.0,0.0,185.0,1.0,,35.0,0.0,D,0.0,0.0,0.0,0.0,1.0,3.0007460796594043,0.0,0.0,0.7211087701746097
Ben Gibson (13/14),20.0,17.456895076558723,38.0,0.0,0.0,"Championship, FA Cup, League Cup",left,33.0,1.0,0.0343380389164441,185.0,45.0,0.188,2621.0,1.44,D,0.0,2.0,22.0,0.0,5.0,4.000082137210209,5.0,0.17169019458222054,0.7836774892279961
Ben Gibson (14/15),21.0,17.456895076558723,44.0,1.0,0.026486168334314303,"Championship, Championship Playoffs, FA Cup, League Cup",left,41.0,0.0,0.0,185.0,50.0,0.45,3398.0,2.003863636363636,D,0.0,0.0,6.0,1.0,3.0,4.999418194761015,6.0,0.15891701000588582,2.087746808998265
Ben Gibson (15/16),23.0,17.456895076558723,37.0,0.0,0.0,"Championship, FA Cup, League Cup",left,36.0,1.0,0.028462998102466792,185.0,44.0,1.5,3162.0,2.11027027027027,D,0.0,1.0,6.0,2.0,1.0,6.001492159318809,4.0,0.11385199240986717,1.2223937668437423
Ben Gibson (16/17),24.0,18.45623113410953,44.0,1.0,0.022388059701492536,"FA Cup, League Cup, Premier League",left,44.0,1.0,0.022388059701492536,185.0,48.0,5.1,4020.0,0.7763636363636363,D,0.0,0.0,6.0,0.0,0.0,6.001492159318809,6.0,0.13432835820895522,2.6097842896390304
Ben Gibson (17/18),25.0,18.45623113410953,51.0,3.0,0.0594059405940594,"Championship, Championship Playoffs, FA Cup, League Cup",left,51.0,1.0,0.019801980198019802,185.0,53.0,9.0,4545.0,1.6254901960784311,D,0.0,0.0,6.0,1.0,0.0,7.000828216869614,6.0,0.1188118811881188,2.7846839972202306
Ben Liddle (18/19),20.0,,0.0,0.0,0.0,League Cup,,0.0,0.0,0.0,,2.0,,0.0,0.0,M,0.0,0.0,0.0,0.0,0.0,,0.0,0.0,0.41226321165763863
Ben Liddle (19/20),21.0,,3.0,0.0,0.0,"Championship, FA Cup, League Cup",,2.0,0.0,0.0,,3.0,,77.0,0.0,M,0.0,0.0,0.0,1.0,1.0,,0.0,0.0,0.44832184950117576
Bernardo Espinosa (16/17),27.0,26.973859832850778,20.0,0.0,0.0,"FA Cup, League Cup, Premier League",right,19.0,0.0,0.0,192.0,42.0,2.13,1615.0,1.1940000000000002,D,0.0,0.0,5.0,3.0,1.0,0.9993360575508052,2.0,0.11145510835913312,2.018489267032061
Bilal Brahimi (18/19),19.0,,2.0,0.0,0.0,League Cup,,1.0,0.0,0.0,,1.0,,44.0,3.0,M,0.0,0.0,0.0,0.0,1.0,,0.0,0.0,0.6116806254893659
Brad Guzan (16/17),32.0,31.88566500338816,18.0,0.0,0.0,"FA Cup, League Cup, Premier League",left,18.0,0.0,0.0,193.0,44.0,1.28,1680.0,1.1655555555555557,G,0.0,0.0,12.0,0.0,0.0,0.9226746613551271,0.0,0.0,1.3876248452301565
Brad Jones (09/10),27.0,18.286480899676242,24.0,0.0,0.0,"Championship, FA Cup, League Cup",left,24.0,0.0,0.0,194.0,31.0,1.13,2154.0,1.21,G,1.0,0.0,0.0,0.0,0.0,9.99883638952203,0.0,0.0,0.5373328309971073
Brad Jones (10/11),28.0,18.286480899676242,24.0,0.0,0.0,"Championship, FA Cup, League Cup",left,24.0,0.0,0.0,194.0,31.0,1.13,2154.0,1.21,G,1.0,0.0,0.0,0.0,0.0,10.998172447072836,0.0,0.0,0.564092984000016
Bradley Fewster (14/15),18.0,18.426114157032657,2.0,1.0,0.5555555555555556,"Championship, Championship Playoffs, FA Cup, League Cup",,2.0,1.0,0.5555555555555556,178.0,6.0,,162.0,3.0,F,0.0,0.0,0.0,1.0,0.0,0.9993360575508052,0.0,0.0,1.3936382004545689
Bradley Halliday (14/15),18.0,17.977097407886543,0.0,0.0,0.0,"Championship, Championship Playoffs, FA Cup, League Cup",right,0.0,0.0,0.0,180.0,0.0,,0.0,0.0,D,0.0,0.0,0.0,0.0,0.0,1.9986721151016105,0.0,0.0,0.877646784178177
Britt Assombalonga (17/18),25.0,24.611046085819694,60.0,2.0,0.056962025316455694,"Championship, Championship Playoffs, FA Cup, League Cup",,47.0,15.0,0.4272151898734177,177.0,52.0,10.8,3160.0,1.5006666666666668,F,0.0,0.0,9.0,14.0,13.0,0.9555295454389892,3.0,0.08544303797468354,5.611437345460358
Britt Assombalonga (18/19),26.0,24.611046085819694,60.0,0.0,0.0,"Championship, FA Cup, League Cup",,45.0,15.0,0.4718629849702901,177.0,4.0,9.0,2861.0,1.4506666666666665,F,0.0,0.0,9.0,16.0,15.0,1.9548656029897944,2.0,0.06291506466270534,5.522259018731587
Britt Assombalonga (19/20),27.0,24.611046085819694,33.0,2.0,0.09146341463414634,"Championship, FA Cup, League Cup",,27.0,6.0,0.27439024390243905,177.0,1.0,4.95,1968.0,0.7984848484848485,F,0.0,0.0,9.0,5.0,6.0,2.9569395675475882,0.0,0.0,2.827400029246129
Bruno Pilatos (09/10),16.0,,0.0,0.0,0.0,"Championship, FA Cup, League Cup",right,0.0,0.0,0.0,,3.0,,0.0,0.0,D,0.0,0.0,0.0,0.0,0.0,,0.0,0.0,0.8809865546327977
Bruno Pilatos (10/11),17.0,17.254289958041575,0.0,0.0,0.0,"Championship, FA Cup, League Cup",right,0.0,0.0,0.0,,4.0,,0.0,0.0,D,0.0,0.0,0.0,0.0,0.0,0.9993360575508052,0.0,0.0,0.8428022216504452
Bruno Zuculini (15/16),23.0,,9.0,0.0,0.0,"Championship, League Cup",,6.0,0.0,0.0,,13.0,,343.0,2.533333333333333,M,0.0,0.0,0.0,0.0,3.0,,0.0,0.0,0.6925173367013262
Bryn Morris (12/13),16.0,,4.0,0.0,0.0,"Championship, FA Cup, League Cup",,2.0,0.0,0.0,182.0,2.0,,32.0,1.5,M,0.0,0.0,0.0,0.0,2.0,,0.0,0.0,0.49568410203560703
Bryn Morris (13/14),17.0,17.68687926514576,2.0,0.0,0.0,"Championship, FA Cup, League Cup",,1.0,0.0,0.0,182.0,10.0,,24.0,3.0,M,0.0,0.0,0.0,0.0,1.0,0.49556116826491986,0.0,0.0,0.4440251939243452
Bryn Morris (14/15),18.0,17.68687926514576,0.0,0.0,0.0,"Championship, Championship Playoffs, FA Cup, League Cup",,0.0,0.0,0.0,182.0,1.0,0.263,0.0,0.0,M,0.0,0.0,28.0,0.0,0.0,1.4948972258157252,0.0,0.0,0.7455161977079271
Bryn Morris (15/16),20.0,17.68687926514576,0.0,0.0,0.0,"Championship, FA Cup, League Cup",,0.0,0.0,0.0,182.0,0.0,0.263,0.0,0.0,M,0.0,0.0,0.0,0.0,0.0,2.496971190373519,0.0,0.0,0.2892335003643897
Caleb Folan (09/10),26.0,26.850654017536293,2.0,0.0,0.0,"Championship, FA Cup, League Cup",right,1.0,0.0,0.0,188.0,2.0,0.975,58.0,0.0,F,0.0,0.0,0.0,0.0,1.0,0.8295858231175178,0.0,0.0,1.7829960158374991
Caleb Folan (10/11),26.0,,2.0,0.0,0.0,Championship,,1.0,0.0,0.0,,2.0,,58.0,0.0,F,0.0,0.0,0.0,0.0,1.0,,0.0,0.0,1.0955399736746791
Calum Chambers (16/17),22.0,,28.0,1.0,0.03571428571428571,"FA Cup, League Cup, Premier League",,28.0,1.0,0.03571428571428571,,30.0,,2520.0,1.1057142857142856,D,0.0,0.0,25.0,0.0,0.0,,6.0,0.21428571428571427,1.8572042265844153
Cameron Park (09/10),16.0,,0.0,0.0,0.0,"Championship, FA Cup, League Cup",left,0.0,0.0,0.0,178.0,3.0,,0.0,0.0,M,0.0,0.0,0.0,0.0,0.0,,0.0,0.0,0.8884950699894657
Cameron Park (10/11),17.0,,0.0,0.0,0.0,"Championship, FA Cup, League Cup",left,0.0,0.0,0.0,178.0,4.0,,0.0,0.0,M,0.0,0.0,0.0,0.0,0.0,,0.0,0.0,0.8962136020741764
Cameron Park (11/12),18.0,18.98464718645831,2.0,0.0,0.0,"Championship, FA Cup, League Cup",left,1.0,0.0,0.0,178.0,2.0,,26.0,3.0,M,0.0,0.0,0.0,0.0,1.0,1.0020739645577939,0.0,0.0,1.1466031165596302
Cameron Park (12/13),19.0,18.98464718645831,1.0,0.0,0.0,"Championship, FA Cup, League Cup",left,1.0,1.0,1.0,178.0,5.0,0.056,90.0,3.0,M,0.0,0.0,0.0,0.0,0.0,2.001410022108599,0.0,0.0,1.592412194139666
Carl Ikeme (11/12),25.0,25.150413766196433,10.0,0.0,0.0,"Championship, FA Cup, League Cup",right,10.0,0.0,0.0,191.0,10.0,0.563,900.0,2.0,G,0.0,0.0,0.0,0.0,0.0,0.9144609403341616,1.0,0.1,0.7546352045432652
Carlos de Pena (15/16),24.0,23.474814677919465,13.0,1.0,0.17374517374517376,"Championship, FA Cup, League Cup",left,10.0,0.0,0.0,176.0,32.0,1.88,518.0,1.7284615384615383,M,0.0,0.0,10.0,7.0,3.0,0.8323237301245063,3.0,0.5212355212355212,1.24929468944896
Carlos de Pena (16/17),24.0,,0.0,0.0,0.0,League Cup,,0.0,0.0,0.0,,0.0,,0.0,0.0,M,0.0,0.0,16.0,0.0,0.0,,0.0,0.0,0.5342205940284623
Chris Killen (09/10),27.0,28.233297056065492,19.0,1.0,0.06960556844547564,"Championship, FA Cup, League Cup",both,17.0,3.0,0.2088167053364269,183.0,19.0,0.45,1293.0,1.35,F,0.0,0.0,0.0,6.0,2.0,0.49556116826491986,3.0,0.2088167053364269,1.6976355956956544
Chris Killen (10/11),27.0,,19.0,1.0,0.06960556844547564,Championship,,17.0,3.0,0.2088167053364269,,19.0,,1293.0,1.35,F,0.0,0.0,0.0,6.0,2.0,,3.0,0.2088167053364269,2.0396537546259133
Chris Riggott (09/10),28.0,22.33310745600526,9.0,0.0,0.0,"Championship, FA Cup, League Cup",right,7.0,0.0,0.0,183.0,15.0,1.43,477.0,0.7377777777777778,D,0.0,0.0,0.0,1.0,2.0,7.496389385134534,0.0,0.0,0.9801620532187814
Chris Riggott (10/11),28.0,,8.0,0.0,0.0,Championship,,6.0,0.0,0.0,,14.0,,387.0,0.83,D,0.0,0.0,0.0,1.0,2.0,,0.0,0.0,0.44617519567676706
Christian Burgess (12/13),20.0,20.742383484944934,1.0,0.0,0.0,"Championship, FA Cup, League Cup",right,1.0,0.0,0.0,196.0,4.0,,90.0,0.0,D,0.0,0.0,0.0,0.0,0.0,0.9911223365298397,0.0,0.0,1.2202625813679604
Connor Malley (18/19),19.0,,0.0,0.0,0.0,League Cup,,0.0,0.0,0.0,,2.0,,0.0,0.0,M,0.0,0.0,0.0,0.0,0.0,,0.0,0.0,0.40282274925972233
Connor Malley (19/20),20.0,,0.0,0.0,0.0,"Championship, FA Cup",,0.0,0.0,0.0,,1.0,,0.0,0.0,M,0.0,0.0,0.0,0.0,0.0,,0.0,0.0,0.4131123317357293
Connor Ripley (10/11),17.0,,0.0,0.0,0.0,"FA Cup, League Cup",,0.0,0.0,0.0,191.0,1.0,,0.0,0.0,G,0.0,0.0,0.0,0.0,0.0,,0.0,0.0,0.18649943308568073
Connor Ripley (11/12),18.0,18.376831830906863,3.0,0.0,0.0,"Championship, FA Cup, League Cup",,2.0,0.0,0.0,191.0,9.0,,100.0,0.6666666666666666,G,0.0,0.0,0.0,0.0,1.0,1.0020739645577939,0.0,0.0,-0.0036101908481798867
Connor Ripley (12/13),19.0,18.376831830906863,0.0,0.0,0.0,"Championship, FA Cup, League Cup",,0.0,0.0,0.0,191.0,7.0,0.188,0.0,0.0,G,0.0,0.0,0.0,0.0,0.0,2.001410022108599,0.0,0.0,-0.02724747943742297
Connor Ripley (13/14),20.0,18.376831830906863,0.0,0.0,0.0,"Championship, FA Cup, League Cup",,0.0,0.0,0.0,191.0,1.0,0.188,0.0,0.0,G,0.0,0.0,0.0,0.0,0.0,3.0007460796594043,0.0,0.0,0.008705309498480081
Connor Ripley (14/15),21.0,18.376831830906863,0.0,0.0,0.0,"Championship, Championship Playoffs, FA Cup, League Cup",,0.0,0.0,0.0,191.0,20.0,0.131,0.0,0.0,G,0.0,0.0,12.0,0.0,0.0,4.000082137210209,0.0,0.0,0.30619945144607774
Connor Ripley (15/16),23.0,18.376831830906863,0.0,0.0,0.0,"Championship, FA Cup, League Cup",,0.0,0.0,0.0,191.0,0.0,0.188,0.0,0.0,G,0.0,0.0,0.0,0.0,0.0,5.002156101768003,0.0,0.0,0.020517130894870606
Connor Ripley (16/17),24.0,18.376831830906863,0.0,0.0,0.0,"FA Cup, Premier League",,0.0,0.0,0.0,191.0,0.0,0.213,0.0,0.0,G,0.0,0.0,0.0,0.0,0.0,6.001492159318809,0.0,0.0,0.15531102656963677
Connor Roberts (17/18),22.0,,4.0,0.0,0.0,"Championship, League Cup",,4.0,0.0,0.0,,8.0,,360.0,1.5,D,0.0,0.0,0.0,0.0,0.0,,0.0,0.0,0.38692562272468217
Cristhian Stuani (15/16),29.0,28.81920915556103,55.0,1.0,0.041743970315398886,"Championship, FA Cup, League Cup",right,39.0,11.0,0.45918367346938777,184.0,40.0,3.0,2156.0,1.8272727272727274,M,0.0,0.0,18.0,11.0,16.0,0.9007714052992191,5.0,0.20871985157699444,2.6362634618149823
Cristhian Stuani (16/17),30.0,28.81920915556103,46.0,0.0,0.0,"FA Cup, League Cup, Premier League",right,33.0,6.0,0.29110512129380056,184.0,41.0,2.98,1855.0,1.1195652173913044,F,0.0,0.0,18.0,12.0,13.0,1.9001074628500243,4.0,0.1940700808625337,4.61747506789751
Curtis Main (11/12),19.0,19.02845369857013,25.0,2.0,0.41284403669724773,"Championship, FA Cup, League Cup",right,13.0,2.0,0.41284403669724773,178.0,18.0,0.056,436.0,1.6032,F,0.0,0.0,0.0,0.0,12.0,1.0020739645577939,1.0,0.20642201834862386,1.3887504635276513
Curtis Main (12/13),20.0,19.02845369857013,21.0,1.0,0.12534818941504178,"Championship, FA Cup, League Cup",right,14.0,3.0,0.37604456824512533,178.0,20.0,0.056,718.0,1.0952380952380953,F,0.0,1.0,0.0,3.0,7.0,2.001410022108599,0.0,0.0,1.4246672960389457
Curtis Main (13/14),21.0,19.02845369857013,42.0,1.0,0.10869565217391304,"Championship, FA Cup, League Cup",right,25.0,1.0,0.10869565217391304,178.0,32.0,0.188,828.0,1.495,F,0.0,1.0,23.0,4.0,17.0,3.0007460796594043,0.0,0.0,1.3604936239888743
Cyrus Christie (17/18),25.0,,28.0,3.0,0.12723845428840716,"Championship, FA Cup",,26.0,1.0,0.04241281809613572,,30.0,,2122.0,1.8485714285714285,D,0.0,0.0,0.0,2.0,2.0,,7.0,0.29688972667295005,1.029524723694478
Dael Fry (15/16),18.0,17.83472624352314,9.0,0.0,0.0,"Championship, FA Cup, League Cup",right,8.0,0.0,0.0,190.0,16.0,0.188,636.0,1.5533333333333335,D,0.0,0.0,22.0,0.0,1.0,1.0020739645577939,0.0,0.0,1.1391228522912287
Dael Fry (16/17),19.0,17.83472624352314,8.0,0.0,0.0,"FA Cup, League Cup, Premier League",right,4.0,0.0,0.0,190.0,8.0,0.213,242.0,1.5,D,0.0,0.0,22.0,0.0,4.0,2.001410022108599,0.0,0.0,1.3572558965904642
Dael Fry (17/18),20.0,17.83472624352314,21.0,1.0,0.0696594427244582,"Championship, Championship Playoffs, FA Cup, League Cup",right,17.0,0.0,0.0,190.0,44.0,1.35,1292.0,1.3152380952380953,D,0.0,0.0,20.0,0.0,4.0,3.0007460796594043,2.0,0.1393188854489164,1.2748594859909903
Dael Fry (18/19),21.0,17.83472624352314,40.0,4.0,0.10945576162967467,"Championship, FA Cup, League Cup",right,39.0,0.0,0.0,190.0,5.0,4.5,3289.0,1.6162500000000002,D,0.0,0.0,20.0,5.0,1.0,4.000082137210209,1.0,0.027363940407418668,2.6341535307840642
Dael Fry (19/20),22.0,17.83472624352314,29.0,0.0,0.0,"Championship, FA Cup, League Cup",right,29.0,0.0,0.0,190.0,2.0,4.95,2556.0,1.1424137931034481,D,0.0,0.0,6.0,2.0,0.0,5.002156101768003,2.0,0.07042253521126761,2.1736796862275405
Damià (14/15),32.0,32.315516403485354,7.0,0.0,0.0,"Championship, Championship Playoffs, FA Cup, League Cup",right,7.0,0.0,0.0,188.0,7.0,0.75,559.0,1.7142857142857142,D,0.0,0.0,2.0,2.0,0.0,0.8952955912852419,2.0,0.3220035778175313,1.4350933083470174
Damià (15/16),34.0,32.315516403485354,0.0,0.0,0.0,"Championship, FA Cup, League Cup",right,0.0,0.0,0.0,188.0,0.0,0.263,0.0,0.0,D,0.0,0.0,2.0,0.0,0.0,1.8973695558430357,0.0,0.0,1.0944781941243513
Daniel Ayala (13/14),22.0,23.214713512255557,21.0,1.0,0.05725190839694656,"Championship, FA Cup, League Cup",right,19.0,3.0,0.1717557251908397,190.0,21.0,0.375,1572.0,1.6800000000000002,D,0.0,1.0,26.0,2.0,2.0,0.4325893071041842,6.0,0.3435114503816794,1.4471825365234188
Daniel Ayala (14/15),23.0,23.214713512255557,39.0,0.0,0.0,"Championship, Championship Playoffs, FA Cup, League Cup",right,38.0,5.0,0.1388888888888889,190.0,39.0,0.375,3240.0,1.971794871794872,D,0.0,0.0,4.0,4.0,1.0,1.4319253646549894,10.0,0.2777777777777778,2.304940629610092
Daniel Ayala (15/16),25.0,23.214713512255557,40.0,2.0,0.05305039787798409,"Championship, FA Cup, League Cup",right,39.0,3.0,0.07957559681697612,190.0,42.0,1.13,3393.0,1.923,D,0.0,0.0,4.0,3.0,1.0,2.4339993292127833,7.0,0.1856763925729443,2.0009055543298997
Daniel Ayala (16/17),26.0,23.214713512255557,23.0,0.0,0.0,"FA Cup, League Cup, Premier League",right,20.0,1.0,0.061898211829436035,190.0,27.0,1.7,1454.0,1.0260869565217392,D,2.0,0.0,4.0,2.0,3.0,3.4333353867635887,7.0,0.4332874828060523,1.8438759150694155
Daniel Ayala (17/18),27.0,23.214713512255557,39.0,2.0,0.0529567519858782,"Championship, Championship Playoffs, FA Cup, League Cup",right,39.0,7.0,0.1853486319505737,190.0,42.0,1.8,3399.0,1.6184615384615384,D,0.0,1.0,4.0,3.0,0.0,4.432671444314394,3.0,0.0794351279788173,2.100254138195859
Daniel Ayala (18/19),28.0,23.214713512255557,40.0,2.0,0.056461731493099125,"Championship, FA Cup, League Cup",right,39.0,2.0,0.056461731493099125,190.0,7.0,3.6,3188.0,1.5317500000000002,D,1.0,1.0,4.0,6.0,1.0,5.432007501865199,10.0,0.2823086574654956,2.4373259444349493
Daniel Ayala (19/20),29.0,23.214713512255557,27.0,0.0,0.0,"Championship, FA Cup, League Cup",right,25.0,2.0,0.08653846153846154,190.0,0.0,2.88,2080.0,1.28,D,0.0,0.0,4.0,1.0,2.0,6.434081466422993,4.0,0.17307692307692307,2.22697199173325
Danny Batth (18/19),28.0,,15.0,0.0,0.0,"Championship, FA Cup, League Cup",,13.0,0.0,0.0,,4.0,,990.0,1.9199999999999997,D,0.0,0.0,0.0,0.0,2.0,,1.0,0.09090909090909091,0.8042927613826967
Danny Coyne (09/10),35.0,35.858368070528485,26.0,1.0,0.040983606557377046,"Championship, FA Cup, League Cup",right,25.0,0.0,0.0,183.0,47.0,0.45,2196.0,1.32,G,0.0,0.0,0.0,0.0,1.0,0.9856465225158627,0.0,0.0,0.5496407165204662
Danny Coyne (10/11),36.0,35.858368070528485,25.0,1.0,0.04335260115606936,"Championship, FA Cup, League Cup",right,24.0,0.0,0.0,183.0,48.0,0.563,2076.0,1.3728,G,0.0,0.0,0.0,0.0,1.0,1.984982580066668,0.0,0.0,0.4802435808115183
Danny Coyne (11/12),37.0,35.858368070528485,7.0,0.0,0.0,"Championship, FA Cup, League Cup",right,6.0,0.0,0.0,183.0,10.0,0.3,464.0,1.7142857142857142,G,0.0,0.0,0.0,1.0,1.0,2.987056544624462,0.0,0.0,0.563379523293618
Danny Graham (13/14),27.0,28.47149496567349,19.0,2.0,0.11780104712041885,"Championship, FA Cup, League Cup",right,18.0,6.0,0.35340314136125656,183.0,18.0,3.0,1528.0,1.5,F,0.0,0.0,9.0,4.0,1.0,0.41342395805526466,0.0,0.0,2.5624932965751253
Darren Randolph (17/18),31.0,30.196376380076252,50.0,0.0,0.0,"Championship, Championship Playoffs, FA Cup, League Cup",right,50.0,0.0,0.0,187.0,50.0,4.05,4500.0,1.5979999999999999,G,0.0,0.0,25.0,0.0,0.0,0.9418400104040466,3.0,0.06,2.648969607020601
Darren Randolph (18/19),31.0,30.196376380076252,47.0,0.0,0.0,"Championship, FA Cup, League Cup",right,47.0,0.0,0.0,187.0,3.0,4.05,4230.0,1.5148936170212766,G,0.0,0.0,23.0,0.0,0.0,1.941176067954852,0.0,0.0,2.6209161006788664
Darren Randolph (19/20),32.0,,14.0,0.0,0.0,Championship,,14.0,0.0,0.0,,0.0,,1260.0,0.86,G,0.0,0.0,0.0,0.0,0.0,,1.0,0.07142857142857142,0.4811634655605388
Dave Kitson (09/10),29.0,29.780214515014,6.0,1.0,0.20642201834862386,"Championship, FA Cup, League Cup",right,6.0,3.0,0.6192660550458715,191.0,6.0,2.63,436.0,0.83,F,0.0,0.0,0.0,3.0,0.0,0.6625734956912188,1.0,0.20642201834862386,2.4967524566487533
Dave Kitson (10/11),29.0,,6.0,1.0,0.20642201834862386,Championship,,6.0,3.0,0.6192660550458715,,6.0,,436.0,0.83,F,0.0,0.0,0.0,3.0,0.0,,1.0,0.20642201834862386,1.6094994568590866
David Atkinson (13/14),20.0,,0.0,0.0,0.0,Championship,,0.0,0.0,0.0,,10.0,,0.0,0.0,D,0.0,0.0,0.0,0.0,0.0,,0.0,0.0,0.2628004876658229
David Nugent (15/16),31.0,30.283989404299884,55.0,8.0,0.30112923462986196,"Championship, FA Cup, League Cup",right,40.0,8.0,0.30112923462986196,180.0,46.0,2.63,2391.0,1.9527272727272726,F,1.0,0.0,35.0,7.0,15.0,0.8816060562502994,3.0,0.11292346298619825,2.9058130452051936
David Nugent (16/17),32.0,,10.0,0.0,0.0,"League Cup, Premier League",,6.0,2.0,0.6451612903225806,,11.0,,279.0,0.9,F,0.0,0.0,0.0,0.0,4.0,,0.0,0.0,1.6134780915663502
David Wheater (09/10),22.0,18.88060672019275,44.0,0.0,0.0,"Championship, FA Cup, League Cup",right,44.0,1.0,0.022556390977443608,196.0,44.0,4.35,3990.0,1.3172727272727272,D,0.0,0.0,0.0,0.0,0.0,4.49564330547513,4.0,0.09022556390977443,2.368821246400267
David Wheater (10/11),23.0,18.88060672019275,44.0,0.0,0.0,"Championship, FA Cup, League Cup",right,44.0,1.0,0.022727272727272728,196.0,44.0,3.75,3960.0,1.3854545454545453,D,0.0,0.0,0.0,0.0,0.0,5.4949793630259345,4.0,0.09090909090909091,2.407794771519467
Dean Whitehead (13/14),31.0,31.44212406825602,41.0,0.0,0.0,"Championship, FA Cup, League Cup",right,38.0,1.0,0.028976175144880875,183.0,42.0,1.88,3106.0,1.2878048780487805,M,1.0,0.0,18.0,5.0,3.0,0.9993360575508052,13.0,0.37669027688345136,2.544854159137534
Dean Whitehead (14/15),32.0,31.44212406825602,32.0,0.0,0.0,"Championship, Championship Playoffs, FA Cup, League Cup",right,25.0,0.0,0.0,183.0,52.0,0.675,1528.0,1.78125,M,1.0,0.0,18.0,5.0,7.0,1.9986721151016105,5.0,0.29450261780104714,1.875372667950769
Dejan Stojanovic (19/20),26.0,26.494726106627787,1.0,0.0,0.0,"Championship, FA Cup, League Cup",left,1.0,0.0,0.0,196.0,0.0,0.653,90.0,3.0,G,0.0,0.0,30.0,0.0,0.0,0.4572304701670808,0.0,0.0,0.6428327358448968
Didier Digard (09/10),22.0,21.979917452103738,14.0,1.0,0.23376623376623376,"Championship, FA Cup, League Cup",right,9.0,0.0,0.0,183.0,12.0,2.78,385.0,1.0,M,0.0,0.0,0.0,2.0,5.0,1.990458394080645,1.0,0.23376623376623376,1.2516304103344862
Didier Digard (10/11),22.0,,14.0,1.0,0.23376623376623376,Championship,,9.0,0.0,0.0,,12.0,,385.0,1.0,M,0.0,0.0,0.0,2.0,5.0,,1.0,0.23376623376623376,0.6676622217459949
Diego Fabbrini (15/16),25.0,,35.0,3.0,0.1718650541056652,"Championship, FA Cup, League Cup",,26.0,6.0,0.3437301082113304,,30.0,,1571.0,2.134285714285714,F,0.0,0.0,0.0,14.0,9.0,,4.0,0.22915340547422025,2.9019930122360735
Dimitrios Konstantopoulos (13/14),34.0,34.716660848614275,13.0,1.0,0.07692307692307693,"Championship, FA Cup, League Cup",left,13.0,0.0,0.0,193.0,33.0,0.525,1170.0,1.6153846153846154,G,0.0,0.0,13.0,0.0,0.0,0.8706544282223454,0.0,0.0,0.5611112874815652
Dimitrios Konstantopoulos (14/15),35.0,34.716660848614275,45.0,0.0,0.0,"Championship, Championship Playoffs, FA Cup, League Cup",left,45.0,0.0,0.0,193.0,51.0,0.188,4003.0,2.026666666666667,G,1.0,0.0,13.0,0.0,0.0,1.8699904857731506,0.0,0.0,2.2667404884634252
Dimitrios Konstantopoulos (15/16),37.0,34.716660848614275,46.0,0.0,0.0,"Championship, FA Cup, League Cup",left,46.0,0.0,0.0,193.0,49.0,0.188,4140.0,1.93,G,0.0,0.0,1.0,0.0,0.0,2.8720644503309445,0.0,0.0,1.631748991993403
Dimitrios Konstantopoulos (16/17),38.0,34.716660848614275,2.0,0.0,0.0,"FA Cup, League Cup, Premier League",left,2.0,0.0,0.0,193.0,18.0,0.213,180.0,3.0,G,0.0,0.0,1.0,0.0,0.0,3.87140050788175,0.0,0.0,0.8088385138694331
Dimitrios Konstantopoulos (17/18),39.0,34.716660848614275,3.0,0.0,0.0,"Championship, Championship Playoffs, FA Cup, League Cup",left,3.0,0.0,0.0,193.0,53.0,0.09,270.0,2.0,G,0.0,0.0,1.0,0.0,0.0,4.870736565432555,0.0,0.0,0.4852810439389049
Dimitrios Konstantopoulos (18/19),40.0,34.716660848614275,4.0,0.0,0.0,"Championship, FA Cup, League Cup",left,4.0,0.0,0.0,193.0,6.0,0.09,360.0,2.25,G,0.0,0.0,1.0,0.0,0.0,5.87007262298336,0.0,0.0,0.529417253447791
Djed Spence (18/19),18.0,,4.0,0.0,0.0,"Championship, FA Cup, League Cup",,2.0,0.0,0.0,,4.0,,68.0,3.0,D,0.0,0.0,0.0,0.0,2.0,,0.0,0.0,0.4128116101682593
Djed Spence (19/20),19.0,19.310458120289944,19.0,0.0,0.0,"Championship, FA Cup, League Cup",right,16.0,1.0,0.08387698042870456,184.0,2.0,1.62,1073.0,1.5826315789473684,D,0.0,0.0,29.0,6.0,3.0,0.5831741924885522,2.0,0.16775396085740912,1.5081560861373697
Dwight Tiendalli (14/15),28.0,29.42702451111248,2.0,0.0,0.0,"Championship, Championship Playoffs, FA Cup, League Cup",right,2.0,0.0,0.0,176.0,4.0,1.5,122.0,0.5,D,0.0,0.0,0.0,2.0,0.0,0.26557697967788524,1.0,0.7377049180327869,0.9937459928038376
Emanuel Pogatetz (09/10),26.0,22.45631327131974,13.0,0.0,0.0,"Championship, FA Cup, League Cup",left,13.0,0.0,0.0,191.0,16.0,4.28,1082.0,1.38,D,0.0,0.0,0.0,4.0,0.0,4.999418194761015,2.0,0.16635859519408502,1.2309214454500448
Emanuel Pogatetz (10/11),26.0,,13.0,0.0,0.0,Championship,,13.0,0.0,0.0,,16.0,,1082.0,1.38,D,0.0,0.0,0.0,4.0,0.0,,2.0,0.16635859519408502,0.664358840455253
Emilio Nsue (14/15),24.0,24.838292367399742,44.0,3.0,0.19955654101995565,"Championship, Championship Playoffs, FA Cup, League Cup",right,29.0,0.0,0.0,178.0,42.0,1.5,1353.0,1.9181818181818182,D,0.0,0.0,24.0,6.0,15.0,0.9117230333271731,3.0,0.19955654101995565,1.2388252343130022
Emilio Nsue (15/16),26.0,24.838292367399742,51.0,2.0,0.04825737265415549,"Championship, FA Cup, League Cup",right,46.0,3.0,0.07238605898123325,178.0,52.0,1.5,3730.0,2.036078431372549,D,0.0,0.0,24.0,5.0,5.0,1.913796997884967,2.0,0.04825737265415549,1.7137217529303876
Emilio Nsue (16/17),27.0,,6.0,0.0,0.0,"League Cup, Premier League",,6.0,0.0,0.0,,13.0,,562.0,0.8333333333333334,D,0.0,0.0,24.0,2.0,0.0,,0.0,0.0,0.4902916733016867
Emmanuel Ledesma (12/13),24.0,24.10453328952682,48.0,2.0,0.1020986954055587,"Championship, FA Cup, League Cup",left,33.0,3.0,0.15314804310833807,180.0,44.0,0.188,1763.0,1.4412500000000001,F,0.0,0.0,0.0,10.0,15.0,0.9993360575508052,7.0,0.35734543391945545,1.332887866890054
Emmanuel Ledesma (13/14),25.0,24.10453328952682,40.0,4.0,0.22443890274314215,"Championship, FA Cup, League Cup",left,29.0,6.0,0.33665835411471323,180.0,37.0,0.375,1604.0,1.5105,F,1.0,0.0,11.0,10.0,11.0,1.9986721151016105,6.0,0.33665835411471323,1.4980670343215747
Emmanuel Ledesma (14/15),26.0,24.10453328952682,3.0,0.0,0.0,"Championship, Championship Playoffs, FA Cup, League Cup",left,2.0,0.0,0.0,180.0,10.0,0.525,97.0,2.3333333333333335,F,0.0,0.0,0.0,1.0,1.0,2.998008172652416,0.0,0.0,1.2285268799793863
Enes Mahmutovic (18/19),21.0,,2.0,0.0,0.0,League Cup,,2.0,1.0,0.5,,2.0,,180.0,3.0,D,0.0,0.0,0.0,0.0,0.0,,0.0,0.0,0.49484062269037754
Faris Haroun (11/12),25.0,25.856793773999467,45.0,4.0,0.15645371577574968,"Championship, FA Cup, League Cup",both,35.0,2.0,0.07822685788787484,188.0,37.0,1.35,2301.0,1.6073333333333333,M,0.0,0.0,0.0,10.0,10.0,0.9171988473411501,6.0,0.23468057366362452,1.4182199836487426
Faris Haroun (12/13),26.0,25.856793773999467,35.0,0.0,0.0,"Championship, FA Cup, League Cup",both,29.0,4.0,0.18433179723502305,188.0,37.0,1.13,1953.0,1.5765714285714285,M,0.0,0.0,0.0,9.0,6.0,1.9165349048919553,1.0,0.04608294930875576,1.4377914482516716
Faris Haroun (13/14),27.0,25.856793773999467,2.0,0.0,0.0,"Championship, FA Cup, League Cup",both,1.0,0.0,0.0,188.0,3.0,0.75,29.0,0.0,M,0.0,0.0,0.0,0.0,1.0,2.9158709624427606,0.0,0.0,1.0042651425384528
Fernando Amorebieta (14/15),29.0,29.988295447545124,8.0,0.0,0.0,"Championship, Championship Playoffs, FA Cup, League Cup",left,5.0,1.0,0.43478260869565216,191.0,9.0,4.5,207.0,2.0625,D,0.0,0.0,0.0,0.0,3.0,0.26831488668487374,1.0,0.43478260869565216,1.5375042131109078
Fernando Amorebieta (15/16),31.0,,18.0,1.0,0.07109004739336493,"Championship, FA Cup, League Cup",,16.0,0.0,0.0,,24.0,,1266.0,1.7083333333333333,D,0.0,0.0,0.0,1.0,2.0,,6.0,0.4265402843601896,0.7368752596691002
Frazer Richardson (13/14),30.0,30.760385223515883,11.0,1.0,0.1021566401816118,"Championship, FA Cup, League Cup",right,11.0,0.0,0.0,180.0,20.0,0.375,881.0,1.0,D,0.0,0.0,24.0,3.0,0.0,0.9117230333271731,0.0,0.0,1.0320686435618438
Fábio (16/17),26.0,26.094991683607468,39.0,2.0,0.072992700729927,"FA Cup, League Cup, Premier League",both,34.0,0.0,0.0,172.0,38.0,1.7,2466.0,1.016153846153846,D,0.0,0.0,2.0,7.0,5.0,0.8843439632572879,8.0,0.291970802919708,1.4893592208319495
Fábio (17/18),27.0,26.094991683607468,31.0,1.0,0.05562422744128554,"Championship, Championship Playoffs, FA Cup, League Cup",both,25.0,2.0,0.11124845488257108,172.0,35.0,1.35,1618.0,1.6122580645161289,D,0.0,0.0,2.0,6.0,6.0,1.8836800208080933,2.0,0.11124845488257108,1.0893000984554693
Gary O'Neil (09/10),26.0,24.28797305899505,38.0,7.0,0.19390581717451524,"Championship, FA Cup, League Cup",right,37.0,4.0,0.11080332409972299,175.0,37.0,3.6,3249.0,1.2171052631578947,M,0.0,0.0,0.0,3.0,1.0,2.833733752233105,10.0,0.2770083102493075,1.6682664636175475
Gary O'Neil (10/11),27.0,24.28797305899505,38.0,7.0,0.19390581717451524,"Championship, FA Cup, League Cup",right,37.0,5.0,0.13850415512465375,175.0,37.0,3.0,3249.0,1.2171052631578947,M,0.0,0.0,0.0,3.0,1.0,3.8330698097839107,9.0,0.24930747922437674,1.671656799160762
Gastón Ramírez (15/16),25.0,25.150413766196433,21.0,4.0,0.277992277992278,"Championship, FA Cup, League Cup",left,18.0,7.0,0.4864864864864865,183.0,19.0,3.75,1295.0,1.83,M,0.0,0.0,21.0,12.0,3.0,0.4298514000971957,1.0,0.0694980694980695,2.157617285513872
Gastón Ramírez (16/17),26.0,25.62680958541243,36.0,3.0,0.1653398652786283,"FA Cup, League Cup, Premier League",left,28.0,2.0,0.11022657685241886,183.0,28.0,5.1,1633.0,0.9488888888888888,M,0.0,1.0,21.0,14.0,8.0,0.9527916384320007,8.0,0.44090630740967546,3.431009608618611
George Friend (12/13),24.0,24.780796320252982,39.0,5.0,0.13436846819946252,"Championship, FA Cup, League Cup",left,39.0,0.0,0.0,188.0,39.0,0.188,3349.0,1.4076923076923078,D,0.0,0.0,0.0,5.0,0.0,0.9199367543481386,2.0,0.05374738727978501,1.4593675779522812
George Friend (13/14),25.0,24.780796320252982,45.0,0.0,0.0,"Championship, FA Cup, League Cup",left,43.0,3.0,0.07444168734491315,188.0,44.0,0.75,3627.0,1.1848888888888889,D,0.0,0.0,3.0,2.0,2.0,1.919272811898944,6.0,0.1488833746898263,1.8291148843481624
George Friend (14/15),26.0,24.780796320252982,48.0,3.0,0.06244218316373728,"Championship, Championship Playoffs, FA Cup, League Cup",left,48.0,1.0,0.020814061054579093,188.0,52.0,0.975,4324.0,1.8499999999999999,D,1.0,0.0,3.0,1.0,0.0,2.918608869449749,7.0,0.14569842738205366,2.424122482643021
George Friend (15/16),28.0,24.780796320252982,47.0,6.0,0.14073494917904614,"Championship, FA Cup, League Cup",left,45.0,1.0,0.023455824863174355,188.0,47.0,1.13,3837.0,2.0102127659574465,D,0.0,0.0,3.0,3.0,2.0,3.920682834007543,4.0,0.09382329945269742,1.7054691506581359
George Friend (16/17),29.0,24.780796320252982,36.0,2.0,0.07765314926660914,"FA Cup, League Cup, Premier League",left,30.0,0.0,0.0,188.0,30.0,1.28,2318.0,0.9933333333333335,D,0.0,0.0,3.0,4.0,6.0,4.920018891558348,4.0,0.15530629853321828,2.109618226010601
George Friend (17/18),30.0,24.780796320252982,43.0,2.0,0.05550416281221091,"Championship, Championship Playoffs, FA Cup, League Cup",left,39.0,2.0,0.05550416281221091,188.0,53.0,1.35,3243.0,1.6255813953488374,D,0.0,0.0,3.0,3.0,4.0,5.919354949109153,12.0,0.3330249768732655,2.3283696163671745
George Friend (18/19),31.0,24.780796320252982,44.0,3.0,0.07256113947863478,"Championship, FA Cup, League Cup",left,43.0,3.0,0.07256113947863478,188.0,5.0,1.35,3721.0,1.4175,D,0.0,0.0,3.0,2.0,1.0,6.918691006659959,4.0,0.09674818597151304,2.675297691532678
George Friend (19/20),32.0,24.780796320252982,6.0,0.0,0.0,"Championship, FA Cup, League Cup",left,6.0,0.0,0.0,188.0,1.0,0.54,506.0,0.16666666666666666,D,0.0,0.0,3.0,2.0,0.0,7.920764971217753,0.0,0.0,1.089420999755474
George Miller (17/18),19.0,,2.0,0.0,0.0,League Cup,,1.0,0.0,0.0,,1.0,,8.0,3.0,F,0.0,0.0,0.0,0.0,1.0,,0.0,0.0,1.0671756571156745
George Saville (18/19),25.0,25.585740980307605,42.0,1.0,0.03488372093023256,"Championship, FA Cup, League Cup",left,35.0,4.0,0.13953488372093023,176.0,3.0,6.3,2580.0,1.6895238095238094,M,0.0,0.0,22.0,9.0,7.0,0.49556116826491986,9.0,0.313953488372093,2.9879425216044724
George Saville (19/20),26.0,25.585740980307605,39.0,3.0,0.1282051282051282,"Championship, FA Cup, League Cup",left,32.0,2.0,0.08547008547008547,176.0,3.0,3.6,2106.0,1.1243589743589744,M,1.0,0.0,22.0,11.0,7.0,1.4976351328227138,8.0,0.3418803418803419,2.3972078365228153
Grant Leadbitter (12/13),26.0,26.481036571592846,48.0,12.0,0.26226323457989315,"Championship, FA Cup, League Cup",right,47.0,4.0,0.08742107819329771,177.0,47.0,1.13,4118.0,1.32125,M,0.0,0.0,0.0,3.0,1.0,0.9993360575508052,10.0,0.2185526954832443,1.5886631590777687
Grant Leadbitter (13/14),27.0,26.481036571592846,43.0,9.0,0.22907239819004524,"Championship, FA Cup, League Cup",right,41.0,6.0,0.15271493212669685,177.0,42.0,1.13,3536.0,1.3158139534883722,M,0.0,0.0,7.0,4.0,2.0,1.9986721151016105,11.0,0.27997737556561086,1.917747777998293
Grant Leadbitter (14/15),28.0,26.481036571592846,55.0,10.0,0.2104278700023381,"Championship, Championship Playoffs, FA Cup, League Cup",right,51.0,13.0,0.2735562310030395,177.0,52.0,1.35,4277.0,1.822909090909091,M,0.0,0.0,7.0,8.0,4.0,2.998008172652416,10.0,0.2104278700023381,2.254867175698463
Grant Leadbitter (15/16),30.0,26.481036571592846,49.0,3.0,0.06983962752198655,"Championship, FA Cup, League Cup",right,46.0,4.0,0.09311950336264874,177.0,50.0,1.5,3866.0,1.9436734693877546,M,0.0,0.0,7.0,10.0,3.0,4.000082137210209,12.0,0.2793585100879462,2.2985075236759838
Grant Leadbitter (16/17),31.0,26.481036571592846,27.0,2.0,0.1305293691080493,"FA Cup, League Cup, Premier League",right,21.0,5.0,0.3263234227701233,177.0,34.0,1.7,1379.0,1.082962962962963,M,0.0,0.0,7.0,5.0,6.0,4.999418194761015,7.0,0.45685279187817257,2.929526877124307
Grant Leadbitter (17/18),32.0,26.481036571592846,37.0,2.0,0.07081038552321008,"Championship, Championship Playoffs, FA Cup, League Cup",right,34.0,3.0,0.10621557828481511,177.0,47.0,1.8,2542.0,1.8459459459459462,M,0.0,1.0,7.0,12.0,3.0,5.99875425231182,11.0,0.3894571203776554,1.9591412829370598
Grant Leadbitter (18/19),33.0,,9.0,0.0,0.0,"Championship, FA Cup, League Cup",,8.0,0.0,0.0,,6.0,,604.0,2.3333333333333335,M,0.0,0.0,0.0,1.0,1.0,,2.0,0.2980132450331126,1.0359941832198505
Harold Moukoudi (19/20),22.0,22.177046756606913,7.0,1.0,0.14285714285714285,"Championship, FA Cup, League Cup",right,7.0,0.0,0.0,191.0,0.0,2.88,630.0,0.71,D,0.0,0.0,18.0,0.0,0.0,0.41616186506225317,2.0,0.2857142857142857,1.405743154143486
Harry Chapman (18/19),21.0,,7.0,0.0,0.0,"Championship, FA Cup, League Cup",,4.0,0.0,0.0,,5.0,,106.0,3.0,M,0.0,0.0,0.0,1.0,3.0,,0.0,0.0,0.7477078860292767
Hayden Coulson (19/20),21.0,21.03807744169969,29.0,1.0,0.05172413793103448,"Championship, FA Cup, League Cup",left,24.0,1.0,0.05172413793103448,172.0,1.0,1.62,1740.0,1.2510344827586208,D,0.0,0.0,33.0,2.0,5.0,1.0020739645577939,3.0,0.15517241379310345,1.3548267054462244
Hayden Hackney (19/20),17.0,,0.0,0.0,0.0,Championship,,0.0,0.0,0.0,,0.0,,0.0,0.0,M,0.0,0.0,0.0,0.0,0.0,,0.0,0.0,0.38564413921651264
Isaiah Osbourne (09/10),21.0,22.004558615166637,9.0,0.0,0.0,"Championship, FA Cup, League Cup",right,9.0,0.0,0.0,188.0,9.0,0.375,810.0,0.89,M,0.0,0.0,0.0,0.0,0.0,0.6488839606562763,2.0,0.2222222222222222,1.4851255039636797
Isaiah Osbourne (10/11),21.0,,9.0,0.0,0.0,Championship,,9.0,0.0,0.0,,9.0,,810.0,0.89,M,0.0,0.0,0.0,0.0,0.0,,2.0,0.2222222222222222,0.6657227105585707
Ishmael Miller (12/13),25.0,25.473486793021074,44.0,6.0,0.3588039867109635,"Championship, FA Cup, League Cup",left,30.0,6.0,0.3588039867109635,192.0,36.0,0.75,1505.0,1.5731818181818182,F,0.0,0.0,0.0,13.0,14.0,0.8514890791734259,2.0,0.11960132890365449,1.6497595642984932
Jack Harrison (17/18),21.0,21.196876048105025,8.0,0.0,0.0,"Championship, Championship Playoffs, FA Cup, League Cup",left,4.0,0.0,0.0,175.0,19.0,3.15,49.0,0.75,M,0.0,0.0,23.0,0.0,4.0,0.41342395805526466,0.0,0.0,1.3316705375688338
Jack Stephens (15/16),22.0,,9.0,0.0,0.0,"Championship, League Cup",,6.0,0.0,0.0,,20.0,,300.0,3.0,D,0.0,0.0,0.0,2.0,3.0,,0.0,0.0,0.42158269313863694
Jacob Butterfield (13/14),23.0,23.231140954297487,44.0,2.0,0.1091570648878108,"Championship, FA Cup, League Cup",right,32.0,3.0,0.1637355973317162,180.0,42.0,0.75,1649.0,1.4795454545454547,M,0.0,0.0,6.0,14.0,12.0,0.8268479161105293,0.0,0.0,1.2039160350980391
Jamal Blackman (14/15),20.0,20.846423951210497,1.0,0.0,0.0,"Championship, Championship Playoffs, FA Cup, League Cup",,1.0,0.0,0.0,199.0,8.0,0.15,120.0,0.0,G,0.0,0.0,0.0,0.0,0.0,0.8295858231175178,0.0,0.0,0.34378287386095613
James Husband (14/15),20.0,20.56989534350466,7.0,0.0,0.0,"Championship, Championship Playoffs, FA Cup, League Cup",left,6.0,0.0,0.0,179.0,23.0,0.225,452.0,2.045714285714286,D,0.0,0.0,0.0,0.0,1.0,0.9199367543481386,0.0,0.0,1.016829014874356
James Husband (15/16),22.0,20.56989534350466,1.0,1.0,1.0,"Championship, FA Cup, League Cup",left,1.0,0.0,0.0,179.0,5.0,0.375,90.0,3.0,D,0.0,0.0,17.0,0.0,0.0,1.9220107189059323,0.0,0.0,0.7848196161674063
James Husband (16/17),23.0,20.56989534350466,1.0,0.0,0.0,"FA Cup, League Cup, Premier League",left,1.0,0.0,0.0,179.0,3.0,0.425,59.0,0.0,D,0.0,0.0,40.0,1.0,0.0,2.921346776456738,0.0,0.0,0.8890627731827733
Jason Steele (09/10),18.0,17.87031903461399,0.0,0.0,0.0,"Championship, FA Cup, League Cup",right,0.0,0.0,0.0,188.0,18.0,0.075,0.0,0.0,G,0.0,0.0,0.0,0.0,0.0,1.9986721151016105,0.0,0.0,0.257749929408308
Jason Steele (10/11),19.0,17.87031903461399,2.0,0.0,0.0,"Championship, FA Cup, League Cup",right,2.0,0.0,0.0,188.0,18.0,0.188,180.0,1.5,G,0.0,0.0,0.0,0.0,0.0,2.998008172652416,0.0,0.0,0.2939267680870258
Jason Steele (11/12),20.0,17.87031903461399,36.0,0.0,0.0,"Championship, FA Cup, League Cup",right,36.0,0.0,0.0,188.0,36.0,0.375,3246.0,1.4716666666666667,G,0.0,0.0,0.0,1.0,0.0,4.000082137210209,0.0,0.0,0.8869146804022997
Jason Steele (12/13),21.0,17.87031903461399,53.0,2.0,0.03773584905660377,"Championship, FA Cup, League Cup",right,53.0,0.0,0.0,188.0,53.0,0.563,4770.0,1.3939622641509433,G,0.0,0.0,0.0,0.0,0.0,4.999418194761015,2.0,0.03773584905660377,1.18273291953306
Jason Steele (13/14),22.0,17.87031903461399,16.0,1.0,0.06517016654598118,"Championship, FA Cup, League Cup",right,16.0,0.0,0.0,188.0,29.0,0.75,1381.0,1.13,G,1.0,0.0,1.0,1.0,0.0,5.99875425231182,0.0,0.0,0.3446723940263883
Jay O'Shea (09/10),20.0,21.55554186602052,3.0,0.0,0.0,"Championship, FA Cup, League Cup",right,2.0,0.0,0.0,183.0,5.0,,95.0,2.0,M,0.0,0.0,0.0,1.0,1.0,0.3340246548525979,0.0,0.0,1.3055392366598764
Jay O'Shea (10/11),20.0,,3.0,0.0,0.0,Championship,,2.0,0.0,0.0,,5.0,,95.0,2.0,M,0.0,0.0,0.0,1.0,1.0,,0.0,0.0,0.5730863675085489
Jayson Leutwiler (12/13),23.0,23.269471652395325,1.0,0.0,0.0,"Championship, FA Cup, League Cup",right,1.0,0.0,0.0,192.0,48.0,0.038,90.0,3.0,G,0.0,0.0,0.0,0.0,0.0,0.9144609403341616,1.0,1.0,-0.09494759430769009
Jayson Leutwiler (13/14),24.0,23.269471652395325,6.0,0.0,0.0,"Championship, FA Cup, League Cup",right,4.0,0.0,0.0,192.0,16.0,0.038,238.0,1.1083333333333334,G,0.0,0.0,32.0,0.0,2.0,1.913796997884967,0.0,0.0,0.4777865157220833
Jelle Vossen (14/15),25.0,25.44610772295119,55.0,3.0,0.12605042016806722,"Championship, Championship Playoffs, FA Cup, League Cup",right,40.0,9.0,0.37815126050420167,180.0,44.0,3.75,2142.0,2.027636363636364,F,0.0,0.0,21.0,22.0,15.0,0.8295858231175178,5.0,0.21008403361344538,3.755342076984826
Joe Bennett (09/10),19.0,18.261839736613346,16.0,0.0,0.0,"Championship, FA Cup, League Cup",left,13.0,0.0,0.0,177.0,30.0,0.056,828.0,1.3825,D,0.0,0.0,0.0,4.0,3.0,1.9986721151016105,2.0,0.21739130434782608,0.5859292199261606
Joe Bennett (10/11),20.0,18.261839736613346,16.0,0.0,0.0,"Championship, FA Cup, League Cup",left,14.0,0.0,0.0,177.0,31.0,0.075,994.0,1.57,D,0.0,0.0,0.0,4.0,2.0,2.998008172652416,2.0,0.18108651911468812,0.6347725832535411
Joe Bennett (11/12),21.0,18.261839736613346,46.0,4.0,0.09093205354887599,"Championship, FA Cup, League Cup",left,45.0,1.0,0.022733013387218996,177.0,47.0,0.188,3959.0,1.6199999999999999,D,0.0,1.0,0.0,2.0,1.0,4.000082137210209,10.0,0.22733013387218995,0.9634235581928163
Joe Bennett (12/13),22.0,18.261839736613346,0.0,0.0,0.0,"Championship, FA Cup, League Cup",left,0.0,0.0,0.0,177.0,0.0,0.938,0.0,0.0,D,0.0,0.0,0.0,0.0,0.0,4.999418194761015,0.0,0.0,0.6537361805699997
John Johnson (09/10),21.0,17.295358563146404,0.0,0.0,0.0,"Championship, FA Cup, League Cup",right,0.0,0.0,0.0,183.0,0.0,0.056,0.0,0.0,D,0.0,0.0,0.0,0.0,0.0,4.999418194761015,0.0,0.0,0.9109179071381692
John Johnson (10/11),21.0,,0.0,0.0,0.0,Championship,,0.0,0.0,0.0,,0.0,,0.0,0.0,D,0.0,0.0,0.0,0.0,0.0,,0.0,0.0,0.2823752151206371
John Mikel Obi (18/19),32.0,31.75972128106669,18.0,0.0,0.0,"Championship, FA Cup, League Cup",right,18.0,0.0,0.0,188.0,1.0,3.15,1572.0,1.3305555555555557,M,0.0,0.0,2.0,3.0,0.0,0.4325893071041842,3.0,0.1717557251908397,2.4005316856206775
Jonathan Franks (09/10),19.0,18.23172275953647,38.0,1.0,0.0907258064516129,"Championship, FA Cup, League Cup",both,24.0,3.0,0.2721774193548387,174.0,35.0,0.075,992.0,1.3534210526315789,M,0.0,0.0,0.0,4.0,14.0,1.9986721151016105,0.0,0.0,0.5670579904423754
Jonathan Franks (10/11),20.0,18.23172275953647,39.0,1.0,0.09900990099009901,"Championship, FA Cup, League Cup",both,24.0,3.0,0.297029702970297,174.0,34.0,0.563,909.0,1.3187179487179488,M,0.0,0.0,0.0,4.0,15.0,2.998008172652416,0.0,0.0,0.5755931106459344
Jonathan Franks (11/12),21.0,18.23172275953647,0.0,0.0,0.0,"Championship, FA Cup, League Cup",both,0.0,0.0,0.0,174.0,2.0,0.563,0.0,0.0,M,0.0,0.0,0.0,0.0,0.0,4.000082137210209,0.0,0.0,0.6719940198480197
Jonathan Grounds (09/10),21.0,19.40902277254153,24.0,2.0,0.11936339522546419,"Championship, FA Cup, League Cup",left,20.0,0.0,0.0,185.0,39.0,0.3,1508.0,1.3500000000000003,D,0.0,0.0,0.0,2.0,4.0,3.0007460796594043,1.0,0.05968169761273209,0.6986038122349023
Jonathan Grounds (10/11),22.0,19.40902277254153,25.0,2.0,0.11370814908401769,"Championship, FA Cup, League Cup",left,21.0,0.0,0.0,185.0,38.0,0.563,1583.0,1.4160000000000001,D,0.0,0.0,0.0,3.0,4.0,4.000082137210209,2.0,0.11370814908401769,0.7739432493662532
Jonathan Grounds (11/12),23.0,19.40902277254153,0.0,0.0,0.0,"Championship, FA Cup, League Cup",left,0.0,0.0,0.0,185.0,1.0,0.563,0.0,0.0,D,0.0,0.0,0.0,0.0,0.0,5.002156101768003,0.0,0.0,0.7735338105204317
Jonathan Howson (17/18),30.0,29.128592647350732,54.0,2.0,0.048179871520342615,"Championship, Championship Playoffs, FA Cup, League Cup",right,48.0,3.0,0.07226980728051392,180.0,51.0,4.5,3736.0,1.645,M,0.0,0.0,16.0,8.0,6.0,0.9829086155088742,8.0,0.19271948608137046,2.9490966655245896
Jonathan Howson (18/19),30.0,29.128592647350732,48.0,6.0,0.13695155972609688,"Championship, FA Cup, League Cup",right,46.0,1.0,0.02282525995434948,180.0,1.0,4.5,3943.0,1.5275,M,0.0,0.0,16.0,5.0,2.0,1.9822446730596794,7.0,0.15977681968044635,3.537530173654834
Jonathan Howson (19/20),31.0,29.128592647350732,35.0,5.0,0.144,"Championship, FA Cup, League Cup",right,35.0,0.0,0.0,180.0,2.0,2.52,3125.0,1.0845714285714285,M,0.0,0.0,16.0,1.0,0.0,2.9843186376174735,7.0,0.2016,2.8841008464482782
Jonathan Woodgate (12/13),32.0,32.45514966084177,25.0,0.0,0.0,"Championship, FA Cup, League Cup",right,25.0,1.0,0.045988758303525806,188.0,25.0,1.13,1957.0,1.4447999999999999,D,0.0,1.0,0.0,8.0,0.0,0.9856465225158627,3.0,0.13796627491057742,1.6111339339734483
Jonathan Woodgate (13/14),33.0,32.45514966084177,26.0,1.0,0.04411764705882353,"Championship, FA Cup, League Cup",right,25.0,0.0,0.0,188.0,27.0,0.563,2040.0,1.16,D,0.0,0.0,39.0,5.0,1.0,1.984982580066668,3.0,0.1323529411764706,1.8757052065554776
Jonathan Woodgate (14/15),34.0,32.45514966084177,12.0,0.0,0.0,"Championship, Championship Playoffs, FA Cup, League Cup",right,9.0,1.0,0.1505016722408027,188.0,21.0,0.225,598.0,2.6774999999999998,D,0.0,0.0,39.0,1.0,3.0,2.9843186376174735,0.0,0.0,1.507027799770079
Jonathan Woodgate (15/16),36.0,32.45514966084177,1.0,0.0,0.0,"Championship, FA Cup, League Cup",right,1.0,0.0,0.0,188.0,3.0,0.188,97.0,3.0,D,0.0,0.0,39.0,1.0,0.0,3.986392602175267,0.0,0.0,1.1651061052833638
Jordan Hugill (18/19),26.0,26.177128893817123,58.0,2.0,0.0855106888361045,"Championship, FA Cup, League Cup",right,41.0,7.0,0.2992874109263658,183.0,5.0,7.2,2105.0,1.416206896551724,F,0.0,0.0,11.0,13.0,17.0,0.8952955912852419,7.0,0.2992874109263658,4.073814636660677
Jordan Jones (12/13),17.0,,2.0,0.0,0.0,"Championship, FA Cup, League Cup",,1.0,0.0,0.0,174.0,1.0,,29.0,3.0,M,0.0,0.0,0.0,0.0,1.0,,0.0,0.0,0.5751684706859553
Jordan Jones (14/15),19.0,,0.0,0.0,0.0,"Championship, Championship Playoffs, FA Cup, League Cup",,0.0,0.0,0.0,174.0,0.0,,0.0,0.0,M,0.0,0.0,0.0,0.0,0.0,,0.0,0.0,0.6187778369022495
Jordan Rhodes (15/16),26.0,25.988213310334913,23.0,3.0,0.23255813953488372,"Championship, FA Cup, League Cup",right,18.0,6.0,0.46511627906976744,185.0,19.0,7.5,1161.0,1.7200000000000002,F,0.0,0.0,9.0,9.0,5.0,0.41342395805526466,1.0,0.07751937984496124,2.6184250678318324
Jordan Rhodes (16/17),27.0,,10.0,0.0,0.0,"FA Cup, League Cup, Premier League",,6.0,0.0,0.0,,18.0,,208.0,0.67,F,0.0,0.0,9.0,1.0,4.0,,0.0,0.0,1.8930496006395536
Josh McEachran (12/13),19.0,19.471994633702266,41.0,4.0,0.12521739130434784,"Championship, FA Cup, League Cup",left,38.0,0.0,0.0,178.0,40.0,3.38,2875.0,1.45,M,0.0,0.0,0.0,17.0,3.0,0.8624407072013799,4.0,0.12521739130434784,1.2699867408853591
Josh Walker (09/10),20.0,16.356256459749346,1.0,0.0,0.0,"Championship, FA Cup, League Cup",right,1.0,0.0,0.0,180.0,6.0,0.375,59.0,3.0,M,0.0,0.0,0.0,1.0,0.0,4.999418194761015,0.0,0.0,1.1474094349909092
Josh Walker (10/11),21.0,16.356256459749346,2.0,1.0,0.6040268456375839,"Championship, FA Cup, League Cup",right,2.0,0.0,0.0,180.0,7.0,0.375,149.0,3.0,M,0.0,0.0,0.0,1.0,0.0,5.99875425231182,0.0,0.0,1.1686888712804677
Julien de Sart (15/16),21.0,21.109263023881393,4.0,0.0,0.0,"Championship, FA Cup, League Cup",right,2.0,0.0,0.0,187.0,18.0,1.5,2.0,3.0,M,0.0,0.0,16.0,0.0,2.0,0.41342395805526466,0.0,0.0,1.4253878010857242
Julien de Sart (16/17),22.0,21.109263023881393,2.0,0.0,0.0,"FA Cup, League Cup, Premier League",right,2.0,0.0,0.0,187.0,5.0,1.7,240.0,0.0,M,0.0,0.0,23.0,0.0,0.0,1.41276001560607,0.0,0.0,1.9553194426989036
Julien de Sart (18/19),24.0,,0.0,0.0,0.0,League Cup,,0.0,0.0,0.0,,1.0,,0.0,0.0,M,0.0,0.0,0.0,0.0,0.0,,0.0,0.0,0.45036767654072923
Julio Arca (09/10),28.0,25.48170051404204,44.0,3.0,0.1083902047370534,"Championship, FA Cup, League Cup",left,36.0,0.0,0.0,175.0,43.0,1.95,2491.0,1.1836363636363636,M,0.0,0.0,0.0,13.0,8.0,3.931634462035497,7.0,0.25291047771979125,1.4763648805915137
Julio Arca (10/11),29.0,25.48170051404204,45.0,3.0,0.10444874274661509,"Championship, FA Cup, League Cup",left,37.0,1.0,0.03481624758220503,175.0,44.0,1.88,2585.0,1.224,M,0.0,0.0,0.0,11.0,8.0,4.930970519586302,7.0,0.2437137330754352,1.5071256409230993
Julio Arca (11/12),30.0,25.48170051404204,42.0,3.0,0.13493253373313344,"Championship, FA Cup, League Cup",left,33.0,0.0,0.0,175.0,41.0,1.5,2001.0,1.618095238095238,M,1.0,0.0,0.0,15.0,9.0,5.933044484144096,4.0,0.17991004497751126,1.1158785005980518
Julio Arca (12/13),31.0,25.48170051404204,3.0,0.0,0.0,"Championship, FA Cup, League Cup",left,3.0,0.0,0.0,175.0,9.0,0.75,236.0,2.0,M,0.0,0.0,0.0,2.0,0.0,6.932380541694902,0.0,0.0,1.2375501317332338
Justin Hoyte (09/10),24.0,23.696585145485532,39.0,1.0,0.0389779125162408,"Championship, FA Cup, League Cup",right,32.0,1.0,0.0389779125162408,180.0,45.0,1.5,2309.0,1.2997435897435898,D,0.0,0.0,0.0,4.0,7.0,1.913796997884967,1.0,0.0389779125162408,0.9950408124325485
Justin Hoyte (10/11),25.0,23.696585145485532,40.0,1.0,0.03799071338117349,"Championship, FA Cup, League Cup",right,33.0,1.0,0.03799071338117349,180.0,46.0,1.5,2369.0,1.3422500000000002,D,0.0,0.0,0.0,4.0,7.0,2.913133055435772,1.0,0.03799071338117349,1.0192840061583017
Justin Hoyte (11/12),26.0,23.696585145485532,44.0,6.0,0.14481094127111827,"Championship, FA Cup, League Cup",right,44.0,0.0,0.0,180.0,48.0,1.13,3729.0,1.4795454545454545,D,0.0,0.0,0.0,11.0,0.0,3.915207019993566,2.0,0.04827031375703942,1.4831926535045885
Justin Hoyte (12/13),27.0,23.696585145485532,36.0,0.0,0.0,"Championship, FA Cup, League Cup",right,34.0,1.0,0.03312476996687523,180.0,35.0,1.13,2717.0,1.3491666666666666,D,0.0,0.0,0.0,5.0,2.0,4.914543077544371,1.0,0.03312476996687523,1.508536034608784
Justin Hoyte (13/14),28.0,23.696585145485532,6.0,0.0,0.0,"Championship, FA Cup, League Cup",right,4.0,0.0,0.0,180.0,9.0,1.13,206.0,1.3916666666666666,D,0.0,0.0,0.0,0.0,2.0,5.9138791350951765,0.0,0.0,0.9251565283766139
Jérémie Aliadière (09/10),26.0,24.25511817491119,25.0,3.0,0.19327129563350035,"Championship, FA Cup, League Cup",right,21.0,4.0,0.25769506084466715,183.0,21.0,3.0,1397.0,1.2960000000000003,F,0.0,0.0,0.0,9.0,4.0,3.0007460796594043,1.0,0.06442376521116679,2.303163856037923
Jérémie Aliadière (10/11),26.0,,24.0,3.0,0.2054794520547945,Championship,,20.0,4.0,0.273972602739726,,20.0,,1314.0,1.3500000000000003,F,0.0,0.0,0.0,8.0,4.0,,1.0,0.0684931506849315,2.1865830778155106
József Varga (13/14),25.0,25.068276555986778,41.0,3.0,0.10018552875695733,"Championship, FA Cup, League Cup",right,36.0,0.0,0.0,175.0,41.0,0.75,2695.0,1.5409756097560978,M,0.0,0.0,0.0,5.0,5.0,0.9993360575508052,4.0,0.13358070500927643,1.3762862446454567
Kei Kamara (13/14),28.0,29.002648925029263,34.0,2.0,0.11865524060646011,"Championship, FA Cup, League Cup",right,25.0,4.0,0.23731048121292023,188.0,27.0,0.375,1517.0,1.0,F,0.0,0.0,29.0,5.0,9.0,0.8268479161105293,3.0,0.17798286090969018,2.944259091720495
Kenneth Omeruo (13/14),19.0,20.224919060624106,14.0,0.0,0.0,"Championship, FA Cup, League Cup",right,14.0,0.0,0.0,185.0,19.0,0.75,1218.0,1.43,D,0.0,1.0,25.0,2.0,0.0,0.47913372622298883,1.0,0.07389162561576355,1.01137617132779
Kenneth Omeruo (14/15),20.0,20.802617439098682,24.0,1.0,0.04825737265415549,"Championship, Championship Playoffs, FA Cup, League Cup",right,22.0,0.0,0.0,185.0,39.0,0.75,1865.0,1.6475,D,0.0,0.0,0.0,3.0,2.0,0.9007714052992191,5.0,0.24128686327077747,1.2909308168785758
Kevin Thomson (10/11),25.0,25.711684702629075,0.0,0.0,0.0,"FA Cup, League Cup",right,0.0,0.0,0.0,180.0,0.0,3.75,0.0,0.0,M,0.0,0.0,0.0,0.0,0.0,0.9993360575508052,0.0,0.0,1.3216052296179481
Kevin Thomson (11/12),26.0,25.711684702629075,37.0,1.0,0.07371007371007371,"Championship, FA Cup, League Cup",right,25.0,0.0,0.0,180.0,28.0,2.63,1221.0,1.1654054054054053,M,0.0,2.0,0.0,5.0,12.0,2.001410022108599,2.0,0.14742014742014742,1.160392323211406
Kevin Thomson (12/13),27.0,25.711684702629075,17.0,2.0,0.24128686327077747,"Championship, FA Cup, League Cup",right,12.0,0.0,0.0,180.0,22.0,1.5,746.0,1.5547058823529412,M,0.0,0.0,0.0,3.0,5.0,3.0007460796594043,3.0,0.36193029490616624,1.3457063763852029
Kieron Dyer (12/13),33.0,34.0924180510209,11.0,0.0,0.0,"Championship, FA Cup, League Cup",right,9.0,2.0,0.3015075376884422,170.0,9.0,0.375,597.0,0.67,M,0.0,0.0,0.0,5.0,2.0,0.41342395805526466,0.0,0.0,1.5249610267929008
Kike (14/15),24.0,24.63568724888259,73.0,4.0,0.12738853503184713,"Championship, Championship Playoffs, FA Cup, League Cup",right,51.0,12.0,0.3821656050955414,186.0,55.0,0.9,2826.0,1.83027397260274,F,0.0,0.0,9.0,13.0,22.0,0.9610053594529662,3.0,0.09554140127388536,3.464921581393016
Kike (15/16),26.0,,34.0,1.0,0.07275666936135812,"Championship, FA Cup, League Cup",,24.0,4.0,0.2910266774454325,,33.0,,1237.0,1.6976470588235293,F,0.0,0.0,0.0,10.0,10.0,,1.0,0.07275666936135812,2.4258743090047608
Kike Sola (15/16),30.0,29.88425498127956,3.0,0.0,0.0,"Championship, FA Cup, League Cup",right,2.0,0.0,0.0,185.0,6.0,1.13,50.0,1.0,F,0.0,0.0,23.0,1.0,1.0,0.4627062841810578,1.0,1.8,2.015583400635678
Kris Boyd (10/11),26.0,26.869819366585215,3.0,0.0,0.0,"FA Cup, League Cup",right,2.0,0.0,0.0,185.0,2.0,5.25,109.0,0.0,F,0.0,0.0,0.0,1.0,1.0,0.9993360575508052,0.0,0.0,1.9930823940007805
Kyle Naughton (09/10),20.0,21.224255118174913,18.0,0.0,0.0,"Championship, FA Cup, League Cup",right,15.0,0.0,0.0,181.0,18.0,0.3,1176.0,1.53,D,0.0,0.0,0.0,2.0,3.0,0.41068605104827616,0.0,0.0,1.0657786488730598
Kyle Naughton (10/11),20.0,,18.0,0.0,0.0,Championship,,15.0,0.0,0.0,,18.0,,1176.0,1.53,D,0.0,0.0,0.0,2.0,3.0,,0.0,0.0,0.6457076328404739
Lee Miller (09/10),26.0,26.87803308760618,14.0,0.0,0.0,"Championship, FA Cup, League Cup",right,10.0,0.0,0.0,188.0,18.0,1.88,463.0,1.7,F,0.0,0.0,0.0,5.0,4.0,0.41068605104827616,0.0,0.0,1.9760627821515293
Lee Miller (10/11),27.0,26.87803308760618,16.0,0.0,0.0,"Championship, FA Cup, League Cup",right,11.0,0.0,0.0,188.0,20.0,1.5,463.0,1.8625,F,0.0,0.0,0.0,5.0,5.0,1.4100221085990814,0.0,0.0,1.9757414317433166
Lee Miller (11/12),28.0,26.87803308760618,2.0,0.0,0.0,"Championship, FA Cup, League Cup",right,1.0,0.0,0.0,188.0,1.0,1.31,70.0,3.0,F,0.0,0.0,0.0,0.0,1.0,2.4120960731568752,0.0,0.0,1.9689787761712125
Lee Tomlin (13/14),24.0,25.051849113944844,19.0,1.0,0.11583011583011583,"Championship, FA Cup, League Cup",right,14.0,4.0,0.46332046332046334,180.0,15.0,0.75,777.0,1.7899999999999998,F,0.0,0.0,10.0,6.0,5.0,0.41342395805526466,3.0,0.3474903474903475,2.260538595430128
Lee Tomlin (14/15),25.0,25.46527307200011,60.0,11.0,0.28205128205128205,"Championship, Championship Playoffs, FA Cup, League Cup",right,50.0,10.0,0.2564102564102564,180.0,54.0,1.13,3510.0,1.758,F,0.0,0.0,10.0,27.0,10.0,0.9993360575508052,6.0,0.15384615384615385,3.4565296421620393
Leroy Lita (09/10),24.0,24.507005619554132,59.0,5.0,0.18820577164366373,"Championship, FA Cup, League Cup",right,41.0,8.0,0.30112923462986196,176.0,45.0,1.31,2391.0,1.4008474576271186,F,1.0,0.0,0.0,12.0,18.0,0.9993360575508052,7.0,0.26348808030112925,1.9456872929419549
Leroy Lita (10/11),25.0,24.507005619554132,60.0,6.0,0.20930232558139536,"Championship, FA Cup, League Cup",right,43.0,8.0,0.27906976744186046,176.0,47.0,1.5,2580.0,1.4274999999999998,F,1.0,0.0,0.0,13.0,17.0,1.9986721151016105,7.0,0.2441860465116279,1.9749168112449413
Lewis Baker (17/18),23.0,22.297514664914406,20.0,0.0,0.0,"Championship, Championship Playoffs, FA Cup, League Cup",right,14.0,2.0,0.22784810126582278,182.0,25.0,4.95,790.0,1.797,M,0.0,0.0,30.0,3.0,6.0,0.8870818702642764,1.0,0.11392405063291139,1.8775468023922417
Lewis Maloney (15/16),21.0,,0.0,0.0,0.0,Championship,,0.0,0.0,0.0,,1.0,,0.0,0.0,M,0.0,0.0,0.0,0.0,0.0,,0.0,0.0,0.42250888896096717
Lewis Wing (17/18),22.0,,3.0,0.0,0.0,League Cup,,2.0,0.0,0.0,,3.0,,73.0,3.0,M,0.0,0.0,0.0,1.0,1.0,,0.0,0.0,0.6683145712260254
Lewis Wing (18/19),23.0,22.1085990814322,43.0,5.0,0.20389669234254645,"Championship, FA Cup, League Cup",right,33.0,5.0,0.20389669234254645,185.0,6.0,0.9,2207.0,1.627906976744186,M,0.0,0.0,26.0,6.0,10.0,1.9986721151016105,3.0,0.12233801540552787,2.531614503155871
Lewis Wing (19/20),24.0,22.1085990814322,42.0,1.0,0.0346553715825953,"Championship, FA Cup, League Cup",right,35.0,7.0,0.24258760107816713,185.0,2.0,2.52,2597.0,1.0347619047619048,M,0.0,0.0,26.0,5.0,7.0,3.0007460796594043,5.0,0.1732768579129765,2.887337320440561
Lukas Jutkiewicz (11/12),22.0,22.762958856102454,23.0,2.0,0.11083743842364532,"Championship, FA Cup, League Cup",left,21.0,3.0,0.16625615763546797,185.0,22.0,0.75,1624.0,1.2486956521739132,F,0.0,0.0,0.0,8.0,2.0,0.49829907527190836,1.0,0.05541871921182266,1.426638127809472
Lukas Jutkiewicz (12/13),23.0,22.762958856102454,32.0,4.0,0.210896309314587,"Championship, FA Cup, League Cup",left,26.0,10.0,0.5272407732864675,185.0,33.0,1.13,1707.0,1.1062500000000002,F,0.0,0.0,0.0,10.0,6.0,1.4976351328227138,1.0,0.05272407732864675,1.602473258773247
Lukas Jutkiewicz (13/14),24.0,22.762958856102454,35.0,3.0,0.2109375,"Championship, FA Cup, League Cup",left,24.0,2.0,0.140625,185.0,27.0,1.13,1280.0,1.0788571428571427,F,0.0,0.0,0.0,6.0,11.0,2.496971190373519,0.0,0.0,1.1900379479467476
Lukas Nmecha (19/20),21.0,21.054504883741625,16.0,0.0,0.0,"Championship, FA Cup, League Cup",right,10.0,0.0,0.0,185.0,2.0,3.24,443.0,0.5,F,0.0,0.0,20.0,2.0,6.0,0.49282326125793136,0.0,0.0,1.8641253484398856
Luke Coddington (11/12),16.0,,0.0,0.0,0.0,"Championship, FA Cup, League Cup",,0.0,0.0,0.0,,0.0,,0.0,0.0,G,0.0,0.0,0.0,0.0,0.0,,0.0,0.0,0.019669037816059637
Luke Williams (09/10),16.0,,8.0,0.0,0.0,"Championship, FA Cup, League Cup",,5.0,0.0,0.0,185.0,17.0,,222.0,0.375,F,0.0,0.0,0.0,1.0,3.0,,0.0,0.0,1.031777204888972
Luke Williams (10/11),17.0,17.054422746531415,7.0,0.0,0.0,"Championship, FA Cup, League Cup",,5.0,0.0,0.0,185.0,19.0,,293.0,0.8571428571428571,F,0.0,0.0,0.0,2.0,2.0,0.9993360575508052,0.0,0.0,0.9063281609488772
Luke Williams (11/12),18.0,17.054422746531415,2.0,0.0,0.0,"Championship, FA Cup, League Cup",,1.0,0.0,0.0,185.0,2.0,0.375,34.0,3.0,F,0.0,0.0,0.0,0.0,1.0,2.001410022108599,0.0,0.0,0.9494509571730333
Luke Williams (12/13),19.0,17.054422746531415,23.0,1.0,0.16042780748663102,"Championship, FA Cup, League Cup",,14.0,2.0,0.32085561497326204,185.0,24.0,0.188,561.0,1.8021739130434784,F,0.0,0.0,0.0,3.0,9.0,3.0007460796594043,0.0,0.0,1.3450359055655698
Luke Williams (13/14),20.0,17.054422746531415,17.0,0.0,0.0,"Championship, FA Cup, League Cup",,11.0,0.0,0.0,185.0,19.0,0.188,433.0,1.1858823529411764,F,0.0,0.0,14.0,3.0,6.0,4.000082137210209,1.0,0.20785219399538107,1.265372904266823
Luke Williams (14/15),21.0,17.054422746531415,9.0,1.0,0.6617647058823529,"Championship, Championship Playoffs, FA Cup, League Cup",,5.0,1.0,0.6617647058823529,185.0,7.0,0.263,136.0,1.0,F,0.0,0.0,0.0,0.0,4.0,4.999418194761015,0.0,0.0,1.4532810327912273
Malaury Martin (11/12),22.0,22.8943783924379,33.0,2.0,0.2980132450331126,"Championship, FA Cup, League Cup",right,18.0,3.0,0.4470198675496689,180.0,33.0,0.375,604.0,1.5454545454545454,M,0.0,0.0,0.0,2.0,15.0,0.9555295454389892,1.0,0.1490066225165563,0.9978463713798795
Marc Bola (19/20),22.0,,9.0,0.0,0.0,"Championship, League Cup",,8.0,1.0,0.14802631578947367,,1.0,,608.0,1.3955555555555557,D,0.0,0.0,0.0,3.0,1.0,,1.0,0.14802631578947367,0.5664209766952841
Marcus Bent (09/10),31.0,31.37093848607432,12.0,0.0,0.0,"Championship, FA Cup, League Cup",right,8.0,0.0,0.0,188.0,10.0,1.69,507.0,0.5225,F,0.0,0.0,0.0,0.0,4.0,0.7474486129078626,0.0,0.0,2.0967460524839563
Marcus Bent (10/11),31.0,,11.0,0.0,0.0,Championship,,7.0,0.0,0.0,,9.0,,417.0,0.57,F,0.0,0.0,0.0,0.0,4.0,,0.0,0.0,1.4043640292176633
Marcus Browne (19/20),22.0,,22.0,0.0,0.0,"Championship, League Cup",,14.0,0.0,0.0,,1.0,,508.0,0.5154545454545455,M,1.0,0.0,0.0,5.0,8.0,,2.0,0.3543307086614173,0.7601868934321475
Marcus Tavernier (17/18),19.0,,9.0,1.0,0.18633540372670807,"Championship, League Cup",,8.0,2.0,0.37267080745341613,,11.0,,483.0,2.2666666666666666,M,0.0,0.0,0.0,6.0,1.0,,0.0,0.0,0.8457522554391035
Marcus Tavernier (18/19),20.0,19.277603236206083,45.0,3.0,0.2845100105374078,"Championship, FA Cup, League Cup",left,26.0,4.0,0.3793466807165437,,8.0,0.9,949.0,1.757333333333333,M,0.0,0.0,28.0,3.0,19.0,0.9993360575508052,2.0,0.18967334035827185,1.7735391723196203
Marcus Tavernier (19/20),21.0,19.277603236206083,38.0,4.0,0.15196285352469396,"Championship, FA Cup, League Cup",left,32.0,2.0,0.07598142676234698,,3.0,1.62,2369.0,1.1221052631578947,M,0.0,0.0,7.0,8.0,6.0,2.001410022108599,4.0,0.15196285352469396,1.8691086270074493
Mark Kitching (13/14),17.0,,0.0,0.0,0.0,Championship,,0.0,0.0,0.0,,2.0,,0.0,0.0,D,0.0,0.0,0.0,0.0,0.0,,0.0,0.0,0.26073020127496915
Mark Yeates (09/10),24.0,24.468674921456294,30.0,1.0,0.07475083056478406,"Championship, FA Cup, League Cup",right,21.0,1.0,0.07475083056478406,174.0,26.0,0.225,1204.0,1.2779999999999998,M,0.0,0.0,0.0,6.0,9.0,0.9993360575508052,1.0,0.07475083056478406,1.1776822712176125
Mark Yeates (10/11),24.0,,27.0,1.0,0.08563273073263558,Championship,,19.0,1.0,0.08563273073263558,,24.0,,1051.0,1.42,M,0.0,0.0,0.0,6.0,8.0,,1.0,0.08563273073263558,0.9986831896817296
Marten de Roon (16/17),26.0,25.268143767496937,38.0,0.0,0.0,"FA Cup, League Cup, Premier League",right,37.0,6.0,0.17213898629263627,185.0,43.0,8.5,3137.0,0.7042105263157895,M,0.0,0.0,14.0,5.0,1.0,0.9911223365298397,12.0,0.34427797258527254,4.1852573067054335
Marten de Roon (17/18),27.0,,1.0,0.0,0.0,Championship,,1.0,0.0,0.0,,1.0,,65.0,0.0,M,0.0,0.0,0.0,1.0,0.0,,0.0,0.0,0.5002399413451112
Martin Braithwaite (17/18),26.0,,23.0,2.0,0.11857707509881422,"Championship, FA Cup",,21.0,6.0,0.3557312252964427,,22.0,,1518.0,1.2808695652173914,F,0.0,0.0,0.0,11.0,2.0,,3.0,0.17786561264822134,2.457790441329614
Martin Braithwaite (18/19),27.0,,24.0,0.0,0.0,"Championship, League Cup",,19.0,3.0,0.21686746987951808,,2.0,,1245.0,1.6375,F,0.0,0.0,0.0,11.0,5.0,,0.0,0.0,2.313224877009784
Martin Cranie (17/18),31.0,31.349035230018412,17.0,0.0,0.0,"Championship, Championship Playoffs, FA Cup, League Cup",right,9.0,0.0,0.0,183.0,19.0,0.45,143.0,2.44,D,0.0,0.0,14.0,0.0,8.0,0.41342395805526466,1.0,0.6293706293706294,1.239434964284744
Marvin Emnes (09/10),21.0,20.096237431295645,23.0,4.0,0.39779005524861877,"Championship, FA Cup, League Cup",both,18.0,1.0,0.09944751381215469,180.0,26.0,1.8,905.0,1.356521739130435,F,0.0,0.0,0.0,12.0,5.0,1.9986721151016105,0.0,0.0,1.1474846818673239
Marvin Emnes (10/11),22.0,20.096237431295645,20.0,3.0,0.3312883435582822,"Championship, FA Cup, League Cup",both,16.0,1.0,0.11042944785276074,180.0,25.0,1.5,815.0,1.56,F,0.0,0.0,0.0,10.0,4.0,2.998008172652416,0.0,0.0,1.1586166459528457
Marvin Emnes (11/12),23.0,20.096237431295645,55.0,1.0,0.025409373235460192,"Championship, FA Cup, League Cup",both,48.0,18.0,0.45736871823828346,180.0,49.0,1.5,3542.0,1.4812727272727273,F,0.0,0.0,0.0,19.0,7.0,4.000082137210209,1.0,0.025409373235460192,2.6967452012235027
Marvin Emnes (12/13),24.0,20.096237431295645,34.0,3.0,0.1511758118701008,"Championship, FA Cup, League Cup",both,28.0,6.0,0.3023516237402016,180.0,35.0,2.63,1786.0,1.686470588235294,F,0.0,0.0,0.0,14.0,6.0,4.999418194761015,0.0,0.0,1.6113741512196817
Marvin Emnes (13/14),25.0,20.096237431295645,32.0,5.0,0.3456221198156682,"Championship, FA Cup, League Cup",both,24.0,1.0,0.06912442396313365,180.0,26.0,2.25,1302.0,1.490625,F,0.0,0.0,0.0,14.0,8.0,5.99875425231182,2.0,0.1382488479262673,1.4139780856647766
Marvin Johnson (17/18),27.0,26.74935145827772,30.0,2.0,0.242914979757085,"Championship, Championship Playoffs, FA Cup, League Cup",left,18.0,1.0,0.1214574898785425,178.0,25.0,1.8,741.0,1.6840000000000002,M,0.0,0.0,21.0,2.0,12.0,0.8323237301245063,0.0,0.0,1.7911370677412224
Marvin Johnson (18/19),28.0,,2.0,2.0,1.0,"Championship, League Cup",,2.0,1.0,0.5,,2.0,,180.0,3.0,M,0.0,0.0,0.0,0.0,0.0,,0.0,0.0,0.8713964116519677
Marvin Johnson (19/20),29.0,26.74935145827772,40.0,3.0,0.13602015113350127,"Championship, FA Cup, League Cup",left,31.0,1.0,0.04534005037783375,178.0,3.0,1.44,1985.0,1.092,M,1.0,0.0,21.0,12.0,9.0,2.833733752233105,2.0,0.0906801007556675,2.148371702322893
Matthew Bates (09/10),22.0,17.5581976358173,0.0,0.0,0.0,"Championship, FA Cup, League Cup",right,0.0,0.0,0.0,178.0,0.0,0.75,0.0,0.0,D,0.0,0.0,0.0,0.0,0.0,5.99875425231182,0.0,0.0,0.8161671201983446
Matthew Bates (10/11),23.0,17.5581976358173,1.0,0.0,0.0,"Championship, FA Cup, League Cup",right,1.0,0.0,0.0,178.0,1.0,0.75,90.0,0.0,D,0.0,0.0,0.0,0.0,0.0,6.998090309862626,0.0,0.0,0.8362771987140231
Matthew Bates (11/12),24.0,17.5581976358173,43.0,0.0,0.0,"Championship, FA Cup, League Cup",right,42.0,2.0,0.04876727174207532,178.0,42.0,0.75,3691.0,1.5655813953488373,D,0.0,0.0,0.0,1.0,1.0,8.000164274420419,2.0,0.04876727174207532,1.651919595089173
Matthew Kilgallon (10/11),26.0,26.615194014935284,1.0,0.0,0.0,"FA Cup, League Cup",right,1.0,0.0,0.0,185.0,1.0,1.5,64.0,0.0,D,0.0,0.0,0.0,1.0,0.0,0.8624407072013799,0.0,0.0,1.064193226366236
Maximilian Haas (10/11),24.0,25.068276555986778,0.0,0.0,0.0,"FA Cup, League Cup",both,0.0,0.0,0.0,190.0,0.0,0.225,0.0,0.0,D,0.0,0.0,0.0,0.0,0.0,0.49556116826491986,0.0,0.0,0.593749133835713
Merouane Zemmama (10/11),26.0,27.236698905521674,0.0,0.0,0.0,"FA Cup, League Cup",both,0.0,0.0,0.0,171.0,0.0,0.938,0.0,0.0,M,0.0,0.0,0.0,0.0,0.0,0.49556116826491986,0.0,0.0,0.7660559404519487
Merouane Zemmama (11/12),27.0,27.236698905521674,25.0,0.0,0.0,"Championship, FA Cup, League Cup",both,17.0,2.0,0.2482758620689655,171.0,25.0,0.75,725.0,1.7116,M,0.0,0.0,0.0,7.0,8.0,1.4976351328227138,1.0,0.12413793103448276,1.1685705925294885
Merouane Zemmama (12/13),28.0,27.236698905521674,37.0,2.0,0.24930747922437674,"Championship, FA Cup, League Cup",both,22.0,4.0,0.4986149584487535,171.0,28.0,0.375,722.0,1.2702702702702702,M,0.0,0.0,0.0,6.0,15.0,2.496971190373519,1.0,0.12465373961218837,1.1023890243850067
Michael Agazzi (15/16),31.0,31.15464383252223,0.0,0.0,0.0,"Championship, FA Cup, League Cup",right,0.0,0.0,0.0,189.0,16.0,0.563,0.0,0.0,G,0.0,0.0,25.0,0.0,0.0,0.8405374511454718,0.0,0.0,0.40124840450245847
Mickaël Tavares (10/11),27.0,27.767852864877444,0.0,0.0,0.0,"FA Cup, League Cup",right,0.0,0.0,0.0,185.0,0.0,0.938,0.0,0.0,M,0.0,0.0,0.0,0.0,0.0,0.9144609403341616,0.0,0.0,1.4683714996074557
Milos Veljkovic (14/15),18.0,19.055832768640013,7.0,0.0,0.0,"Championship, Championship Playoffs, FA Cup, League Cup",right,4.0,0.0,0.0,187.0,13.0,,230.0,1.8071428571428572,M,0.0,0.0,0.0,1.0,3.0,0.706380007803035,0.0,0.0,1.3257779678545563
Mohamed Shawky (09/10),27.0,25.821200982908614,0.0,0.0,0.0,"Championship, FA Cup, League Cup",both,0.0,0.0,0.0,181.0,1.0,0.675,0.0,0.0,M,0.0,0.0,0.0,0.0,0.0,2.9158709624427606,0.0,0.0,0.9184794184667953
Mohamed Shawky (10/11),27.0,,0.0,0.0,0.0,Championship,,0.0,0.0,0.0,,0.0,,0.0,0.0,M,0.0,0.0,0.0,0.0,0.0,,0.0,0.0,0.4781654589029714
Muhamed Besic (17/18),25.0,25.39134958281142,17.0,2.0,0.1325478645066274,"Championship, Championship Playoffs, FA Cup, League Cup",right,17.0,1.0,0.0662739322533137,180.0,19.0,4.5,1358.0,1.7088235294117649,M,0.0,0.0,27.0,7.0,0.0,0.41342395805526466,5.0,0.33136966126656847,2.168808377353887
Muhamed Besic (18/19),26.0,25.949882612237076,45.0,5.0,0.195907705703091,"Championship, FA Cup, League Cup",right,38.0,2.0,0.0783630822812364,180.0,3.0,4.5,2297.0,1.6337777777777778,M,1.0,0.0,37.0,25.0,7.0,0.8542269861804144,6.0,0.2350892468437092,3.2549414098082714
Mustapha Carayol (12/13),23.0,23.90740398502365,27.0,2.0,0.13595166163141995,"Championship, FA Cup, League Cup",,21.0,4.0,0.2719033232628399,177.0,23.0,0.15,1324.0,0.96,M,0.0,0.0,0.0,9.0,6.0,0.9144609403341616,1.0,0.06797583081570997,1.0468902671021862
Mustapha Carayol (13/14),24.0,23.90740398502365,41.0,3.0,0.12790146849834202,"Championship, FA Cup, League Cup",,33.0,8.0,0.3410705826622454,177.0,34.0,0.75,2111.0,1.248780487804878,M,0.0,0.0,19.0,20.0,8.0,1.913796997884967,3.0,0.12790146849834202,2.053831371265848
Mustapha Carayol (14/15),25.0,23.90740398502365,0.0,0.0,0.0,"Championship, Championship Playoffs, FA Cup, League Cup",,0.0,0.0,0.0,177.0,2.0,0.9,0.0,0.0,M,0.0,0.0,19.0,0.0,0.0,2.913133055435772,0.0,0.0,0.8092591945557441
Mustapha Carayol (15/16),27.0,,0.0,0.0,0.0,Championship,,0.0,0.0,0.0,,1.0,,0.0,0.0,M,0.0,0.0,0.0,0.0,0.0,,0.0,0.0,0.4774313297979681
Nathan McGinley (18/19),22.0,,1.0,0.0,0.0,League Cup,,1.0,0.0,0.0,,1.0,,90.0,3.0,D,0.0,0.0,0.0,0.0,0.0,,0.0,0.0,0.357663494489328
Nathan Porritt (09/10),19.0,18.47539648315845,0.0,0.0,0.0,"Championship, FA Cup, League Cup",right,0.0,0.0,0.0,176.0,0.0,0.075,0.0,0.0,M,0.0,0.0,0.0,0.0,0.0,1.9986721151016105,0.0,0.0,0.9123352713948627
Nathan Porritt (10/11),19.0,,0.0,0.0,0.0,Championship,,0.0,0.0,0.0,,0.0,,0.0,0.0,M,0.0,0.0,0.0,0.0,0.0,,0.0,0.0,0.40451194685643566
Nathan Wood (18/19),16.0,,4.0,0.0,0.0,"Championship, FA Cup, League Cup",,3.0,0.0,0.0,,5.0,,190.0,3.0,D,0.0,0.0,0.0,1.0,1.0,,0.0,0.0,0.42079115301744474
Nathan Wood (19/20),17.0,,3.0,0.0,0.0,"Championship, FA Cup, League Cup",,2.0,0.0,0.0,,3.0,,143.0,0.6666666666666666,D,0.0,0.0,0.0,0.0,1.0,,0.0,0.0,0.343462946236486
Nathaniel Chalobah (13/14),18.0,19.096901373744842,23.0,0.0,0.0,"Championship, FA Cup, League Cup",right,19.0,1.0,0.0702576112412178,185.0,20.0,1.5,1281.0,1.42,M,0.0,0.0,24.0,3.0,4.0,0.4544925631600923,4.0,0.2810304449648712,1.692431718242427
Nicky Bailey (10/11),26.0,26.056660985509627,3.0,0.0,0.0,"FA Cup, League Cup",right,3.0,0.0,0.0,178.0,3.0,0.75,270.0,1.0,M,0.0,0.0,0.0,0.0,0.0,0.9993360575508052,0.0,0.0,1.413016269463375
Nicky Bailey (11/12),27.0,26.056660985509627,39.0,1.0,0.027092113184828417,"Championship, FA Cup, League Cup",right,39.0,2.0,0.054184226369656835,178.0,40.0,1.31,3322.0,1.6623076923076927,M,0.0,0.0,0.0,7.0,0.0,2.001410022108599,9.0,0.24382901866345574,2.0652712048904007
Nicky Bailey (12/13),28.0,26.056660985509627,44.0,1.0,0.036028823058446756,"Championship, FA Cup, League Cup",right,35.0,2.0,0.07205764611689351,178.0,45.0,1.31,2498.0,1.5434090909090907,M,0.0,0.0,0.0,2.0,9.0,3.0007460796594043,4.0,0.14411529223378702,1.3863573758982846
Paddy McNair (18/19),24.0,23.179120721164704,32.0,2.0,0.15570934256055363,"Championship, FA Cup, League Cup",right,22.0,0.0,0.0,187.0,8.0,4.05,1156.0,2.13875,M,0.0,0.0,17.0,3.0,10.0,0.9993360575508052,1.0,0.07785467128027682,2.0004047526805344
Paddy McNair (19/20),25.0,23.179120721164704,38.0,3.0,0.091432441584829,"Championship, FA Cup, League Cup",right,35.0,5.0,0.15238740264138165,187.0,3.0,1.8,2953.0,0.8405263157894737,M,1.0,0.0,17.0,3.0,3.0,2.001410022108599,6.0,0.182864883169658,2.6450731370090677
Patrick Bamford (14/15),20.0,20.980581394552935,51.0,7.0,0.19408502772643252,"Championship, Championship Playoffs, FA Cup, League Cup",left,44.0,19.0,0.5268022181146026,185.0,47.0,1.13,3246.0,1.7466666666666666,F,0.0,0.0,0.0,18.0,7.0,0.8377995441384833,3.0,0.08317929759704251,2.699679490816994
Patrick Bamford (16/17),23.0,23.370774211653902,16.0,0.0,0.0,"FA Cup, Premier League",left,10.0,1.0,0.21377672209026127,185.0,15.0,4.25,421.0,0.7125,F,0.0,0.0,20.0,2.0,6.0,0.4490167491461153,1.0,0.21377672209026127,1.6576907568073294
Patrick Bamford (17/18),24.0,23.370774211653902,62.0,1.0,0.03768844221105527,"Championship, Championship Playoffs, FA Cup, League Cup",left,44.0,13.0,0.4899497487437186,185.0,47.0,3.6,2388.0,1.517741935483871,F,0.0,0.0,11.0,16.0,18.0,1.4483528066969205,1.0,0.03768844221105527,3.229179568001847
Patrick Reading (18/19),19.0,,0.0,0.0,0.0,League Cup,,0.0,0.0,0.0,,1.0,,0.0,0.0,D,0.0,0.0,0.0,0.0,0.0,,0.0,0.0,0.27181317100457203
Patrick Reading (19/20),20.0,,0.0,0.0,0.0,Championship,,0.0,0.0,0.0,,0.0,,0.0,0.0,D,0.0,0.0,0.0,0.0,0.0,,0.0,0.0,0.27785128262514636
Patrick Roberts (19/20),23.0,22.905330020465854,4.0,1.0,0.3409090909090909,"Championship, FA Cup, League Cup",left,4.0,0.0,0.0,167.0,2.0,2.52,264.0,0.7525000000000001,M,0.0,0.0,19.0,3.0,0.0,0.49556116826491986,0.0,0.0,1.2124355068752068
Paul Smith (10/11),30.0,31.223091507696942,0.0,0.0,0.0,"FA Cup, League Cup",right,0.0,0.0,0.0,193.0,0.0,0.375,0.0,0.0,G,0.0,0.0,0.0,0.0,0.0,0.3148593058036784,0.0,0.0,0.8315653924600181
Paul Weldon (12/13),20.0,18.593126484458956,0.0,0.0,0.0,"Championship, FA Cup, League Cup",,0.0,0.0,0.0,,1.0,,0.0,0.0,D,0.0,0.0,0.0,0.0,0.0,3.0007460796594043,0.0,0.0,0.26445870184548825
Rajiv van La Parra (18/19),27.0,27.578937281395238,9.0,0.0,0.0,"Championship, FA Cup, League Cup",right,5.0,0.0,0.0,181.0,3.0,3.6,157.0,1.3866666666666667,M,0.0,0.0,29.0,1.0,4.0,0.49556116826491986,0.0,0.0,1.6493613646922187
Ravel Morrison (19/20),27.0,26.993025181899696,2.0,0.0,0.0,"Championship, FA Cup, League Cup",right,2.0,0.0,0.0,175.0,0.0,0.54,150.0,0.5,M,0.0,0.0,15.0,2.0,0.0,0.41616186506225317,0.0,0.0,1.3212383004985178
Rhys Williams (09/10),20.0,19.9648178949602,35.0,0.0,0.0,"Championship, FA Cup, League Cup",right,34.0,2.0,0.06064690026954178,187.0,35.0,0.375,2968.0,1.3294285714285712,D,0.0,1.0,0.0,3.0,1.0,1.9986721151016105,8.0,0.24258760107816713,1.3975217368214037
Rhys Williams (10/11),21.0,19.9648178949602,33.0,0.0,0.0,"Championship, FA Cup, League Cup",right,32.0,2.0,0.06526468455402465,187.0,33.0,1.13,2758.0,1.41,D,0.0,1.0,0.0,3.0,1.0,2.998008172652416,8.0,0.2610587382160986,1.3930381415325601
Rhys Williams (11/12),22.0,19.9648178949602,42.0,2.0,0.052508751458576426,"Championship, FA Cup, League Cup",right,40.0,2.0,0.052508751458576426,187.0,40.0,0.938,3428.0,1.6507142857142856,D,0.0,1.0,0.0,6.0,2.0,4.000082137210209,6.0,0.15752625437572929,1.504733182052818
Rhys Williams (12/13),23.0,19.9648178949602,30.0,0.0,0.0,"Championship, FA Cup, League Cup",right,28.0,0.0,0.0,187.0,30.0,1.31,2354.0,1.1583333333333334,D,0.0,0.0,0.0,2.0,2.0,4.999418194761015,5.0,0.1911639762107052,1.534794273637269
Rhys Williams (13/14),24.0,19.9648178949602,24.0,1.0,0.04257332071901608,"Championship, FA Cup, League Cup",right,24.0,0.0,0.0,187.0,28.0,1.5,2114.0,1.1641666666666668,D,1.0,0.0,4.0,2.0,0.0,5.99875425231182,4.0,0.17029328287606432,1.3273684725765256
Rhys Williams (14/15),25.0,19.9648178949602,3.0,0.0,0.0,"Championship, Championship Playoffs, FA Cup, League Cup",right,2.0,0.0,0.0,187.0,2.0,1.13,5.0,3.0,D,0.0,0.0,25.0,1.0,1.0,6.998090309862626,0.0,0.0,1.1765730925469693
Rhys Williams (15/16),27.0,19.9648178949602,0.0,0.0,0.0,"Championship, FA Cup, League Cup",right,0.0,0.0,0.0,187.0,0.0,0.375,0.0,0.0,D,0.0,0.0,14.0,0.0,0.0,8.000164274420419,0.0,0.0,1.016760361121801
Richard Smallwood (10/11),19.0,19.504849517786127,0.0,0.0,0.0,"FA Cup, League Cup",,0.0,0.0,0.0,180.0,2.0,,0.0,0.0,M,0.0,0.0,0.0,0.0,0.0,0.9993360575508052,0.0,0.0,0.42088768396489235
Richard Smallwood (11/12),20.0,19.504849517786127,26.0,1.0,0.08964143426294821,"Championship, FA Cup, League Cup",,18.0,0.0,0.0,180.0,30.0,0.038,1004.0,1.3796153846153847,M,0.0,0.0,0.0,4.0,8.0,2.001410022108599,1.0,0.08964143426294821,0.4897567054301275
Richard Smallwood (12/13),21.0,19.504849517786127,39.0,2.0,0.11285266457680251,"Championship, FA Cup, League Cup",,28.0,3.0,0.16927899686520376,180.0,44.0,0.188,1595.0,1.6525641025641022,M,0.0,0.0,0.0,6.0,11.0,3.0007460796594043,5.0,0.28213166144200624,0.7239006778299248
Richard Smallwood (13/14),22.0,19.504849517786127,17.0,3.0,0.3064699205448354,"Championship, FA Cup, League Cup",,13.0,0.0,0.0,180.0,28.0,0.375,881.0,1.54,M,0.0,0.0,0.0,2.0,4.0,4.000082137210209,1.0,0.1021566401816118,0.3916984971526436
Richard Smallwood (14/15),23.0,19.504849517786127,2.0,0.0,0.0,"Championship, Championship Playoffs, FA Cup, League Cup",,1.0,0.0,0.0,180.0,2.0,0.45,20.0,3.0,M,0.0,0.0,0.0,0.0,1.0,4.999418194761015,0.0,0.0,0.7716294910621982
Ritchie de Laet (15/16),27.0,27.176464951367926,11.0,1.0,0.10638297872340426,"Championship, FA Cup, League Cup",right,10.0,0.0,0.0,186.0,18.0,1.88,846.0,1.5,D,0.0,0.0,5.0,0.0,1.0,0.41342395805526466,0.0,0.0,1.169937163617215
Robert Huth (09/10),24.0,21.952538382033854,5.0,0.0,0.0,"Championship, FA Cup, League Cup",right,5.0,0.0,0.0,191.0,5.0,3.0,480.0,2.0,D,0.0,0.0,0.0,0.0,0.0,3.915207019993566,2.0,0.375,1.3691823573381856
Robert Huth (10/11),24.0,,4.0,0.0,0.0,Championship,,4.0,0.0,0.0,,4.0,,360.0,2.5,D,0.0,0.0,0.0,0.0,0.0,,2.0,0.5,0.4483143189218265
Rudy Gestede (16/17),28.0,28.23603496307248,34.0,0.0,0.0,"FA Cup, League Cup, Premier League",right,22.0,3.0,0.29094827586206895,193.0,25.0,5.95,928.0,0.896764705882353,F,0.0,0.0,29.0,7.0,12.0,0.48734744724395435,3.0,0.29094827586206895,4.192644225477402
Rudy Gestede (17/18),29.0,28.23603496307248,33.0,3.0,0.2588686481303931,"Championship, Championship Playoffs, FA Cup, League Cup",right,22.0,4.0,0.3451581975071908,193.0,22.0,5.4,1043.0,1.6315151515151516,F,1.0,0.0,39.0,6.0,11.0,1.4866835047947597,3.0,0.2588686481303931,3.433212484073037
Rudy Gestede (18/19),30.0,28.23603496307248,13.0,2.0,0.5294117647058824,"Championship, FA Cup, League Cup",right,8.0,0.0,0.0,193.0,4.0,2.7,340.0,1.4423076923076923,F,0.0,0.0,39.0,2.0,5.0,2.486019562345565,0.0,0.0,2.569516377784794
Rudy Gestede (19/20),31.0,28.23603496307248,37.0,1.0,0.14925373134328357,"Championship, FA Cup, League Cup",right,21.0,2.0,0.29850746268656714,193.0,3.0,0.72,603.0,1.1610810810810812,F,0.0,0.0,14.0,1.0,16.0,3.488093526903359,0.0,0.0,2.8418886227728586
Ryan Brobbel (13/14),20.0,18.322073690767095,0.0,0.0,0.0,"Championship, FA Cup, League Cup",left,0.0,0.0,0.0,172.0,1.0,,0.0,0.0,M,0.0,0.0,34.0,0.0,0.0,3.0007460796594043,0.0,0.0,1.0584765692507896
Ryan Brobbel (14/15),21.0,18.322073690767095,0.0,0.0,0.0,"Championship, Championship Playoffs, FA Cup, League Cup",left,0.0,0.0,0.0,172.0,0.0,,0.0,0.0,M,0.0,0.0,34.0,0.0,0.0,4.000082137210209,0.0,0.0,1.2453810831116452
Ryan Fredericks (14/15),21.0,21.881352799852152,20.0,0.0,0.0,"Championship, Championship Playoffs, FA Cup, League Cup",right,19.0,0.0,0.0,180.0,21.0,,1547.0,1.584,D,0.0,0.0,0.0,3.0,1.0,0.8405374511454718,5.0,0.2908855850032321,1.3195888277413261
Ryan Shotton (17/18),29.0,28.91503590080563,29.0,2.0,0.07456503728251865,"Championship, Championship Playoffs, FA Cup, League Cup",right,28.0,1.0,0.037282518641259324,189.0,36.0,2.25,2414.0,1.7155172413793103,D,0.0,0.0,5.0,3.0,1.0,0.8350616371314948,2.0,0.07456503728251865,1.931613073102961
Ryan Shotton (18/19),30.0,28.91503590080563,35.0,1.0,0.03147953830010493,"Championship, FA Cup, League Cup",right,34.0,0.0,0.0,189.0,1.0,2.7,2859.0,1.5634285714285714,D,0.0,0.0,5.0,5.0,1.0,1.8343976946823002,6.0,0.1888772298006296,2.7617896754271314
Ryan Shotton (19/20),31.0,28.91503590080563,17.0,0.0,0.0,"Championship, FA Cup, League Cup",right,17.0,0.0,0.0,189.0,1.0,2.16,1530.0,0.88,D,0.0,0.0,5.0,0.0,0.0,2.836471659240094,3.0,0.17647058823529413,1.8201828319485658
Sam McQueen (18/19),24.0,23.562427702143097,11.0,0.0,0.0,"Championship, FA Cup, League Cup",left,7.0,0.0,0.0,181.0,2.0,0.9,254.0,2.018181818181818,D,0.0,0.0,14.0,2.0,4.0,0.8350616371314948,0.0,0.0,0.9940060108533834
Sam Stubbs (18/19),20.0,,0.0,0.0,0.0,League Cup,,0.0,0.0,0.0,,2.0,,0.0,0.0,D,0.0,0.0,0.0,0.0,0.0,,0.0,0.0,0.27507292546182915
Sammy Ameobi (12/13),20.0,20.8217827881476,11.0,1.0,0.15254237288135594,"Championship, FA Cup, League Cup",left,9.0,1.0,0.15254237288135594,194.0,9.0,1.5,590.0,0.78,M,0.0,0.0,0.0,5.0,2.0,0.344976282880552,0.0,0.0,1.3336117049031964
Scott McDonald (09/10),25.0,26.450919594515973,14.0,2.0,0.16728624535315986,"Championship, FA Cup, League Cup",right,13.0,4.0,0.3345724907063197,173.0,13.0,3.38,1076.0,1.31,F,0.0,0.0,0.0,2.0,1.0,0.41068605104827616,1.0,0.08364312267657993,1.9333286259704225
Scott McDonald (10/11),26.0,26.450919594515973,16.0,2.0,0.14331210191082802,"Championship, FA Cup, League Cup",right,15.0,6.0,0.4299363057324841,173.0,15.0,3.0,1256.0,1.33375,F,0.0,0.0,0.0,2.0,1.0,1.4100221085990814,1.0,0.07165605095541401,2.0588849726419536
Scott McDonald (11/12),27.0,26.450919594515973,38.0,7.0,0.21776702385067404,"Championship, FA Cup, League Cup",right,36.0,9.0,0.2799861735222952,173.0,37.0,2.63,2893.0,1.5881578947368422,F,0.0,0.0,0.0,11.0,2.0,2.4120960731568752,3.0,0.09332872450743174,2.5822272191563513
Scott McDonald (12/13),28.0,26.450919594515973,42.0,7.0,0.23613193403298352,"Championship, FA Cup, League Cup",right,35.0,13.0,0.43853073463268366,173.0,36.0,1.88,2668.0,1.287857142857143,F,0.0,0.0,0.0,6.0,7.0,3.4114321307076807,4.0,0.13493253373313344,2.5791330921701023
Sean St. Ledger (09/10),24.0,24.715086552085257,16.0,0.0,0.0,"Championship, FA Cup, League Cup",right,15.0,2.0,0.14195583596214512,182.0,15.0,0.75,1268.0,1.07,D,0.0,0.0,0.0,0.0,1.0,0.7912551250196787,0.0,0.0,1.2293904579234674
Sean St. Ledger (10/11),24.0,,16.0,0.0,0.0,Championship,,15.0,2.0,0.14195583596214512,,15.0,,1268.0,1.07,D,0.0,0.0,0.0,0.0,1.0,,0.0,0.0,0.7061030637355602
Seb Hines (09/10),21.0,18.08935159517307,2.0,0.0,0.0,"Championship, FA Cup, League Cup",,2.0,0.0,0.0,188.0,12.0,0.15,180.0,3.0,D,0.0,0.0,0.0,0.0,0.0,4.000082137210209,1.0,0.5,0.36146866312701376
Seb Hines (10/11),22.0,18.08935159517307,5.0,0.0,0.0,"Championship, FA Cup, League Cup",,4.0,0.0,0.0,188.0,13.0,0.188,285.0,2.4,D,0.0,0.0,0.0,0.0,1.0,4.999418194761015,1.0,0.3157894736842105,0.3936696907686979
Seb Hines (11/12),23.0,18.08935159517307,30.0,2.0,0.08249312557286893,"Championship, FA Cup, League Cup",,27.0,2.0,0.08249312557286893,188.0,34.0,0.188,2182.0,1.4033333333333333,D,0.0,0.0,0.0,1.0,3.0,6.001492159318809,3.0,0.12373968835930339,0.9316620362981218
Seb Hines (12/13),24.0,18.08935159517307,32.0,1.0,0.04233301975540922,"Championship, FA Cup, League Cup",,27.0,1.0,0.04233301975540922,188.0,37.0,0.375,2126.0,1.390625,D,0.0,0.0,0.0,2.0,5.0,7.000828216869614,3.0,0.12699905926622765,0.901401681952426
Seb Hines (13/14),25.0,18.08935159517307,5.0,0.0,0.0,"Championship, FA Cup, League Cup",,4.0,0.0,0.0,188.0,16.0,0.375,291.0,1.75,D,0.0,0.0,15.0,1.0,1.0,8.000164274420419,1.0,0.30927835051546393,0.38918656989681194
Seb Hines (14/15),26.0,18.08935159517307,5.0,0.0,0.0,"Championship, Championship Playoffs, FA Cup, League Cup",,5.0,0.0,0.0,188.0,6.0,0.375,436.0,2.4,D,0.0,0.0,0.0,1.0,0.0,8.999500331971225,1.0,0.20642201834862386,0.8397952131991578
Shay Given (13/14),37.0,37.60789064799414,16.0,0.0,0.0,"Championship, FA Cup, League Cup",right,16.0,0.0,0.0,185.0,16.0,1.5,1440.0,1.5,G,0.0,0.0,0.0,0.0,0.0,0.5886500065025292,0.0,0.0,0.8862341243213738
Solomon Brynn (19/20),19.0,,0.0,0.0,0.0,FA Cup,,0.0,0.0,0.0,,2.0,,0.0,0.0,G,0.0,0.0,0.0,0.0,0.0,,0.0,0.0,0.0971255363150077
Stephen McManus (09/10),26.0,27.387283790906043,16.0,0.0,0.0,"Championship, FA Cup, League Cup",left,16.0,1.0,0.0625,188.0,17.0,5.63,1440.0,1.5,D,0.0,0.0,0.0,0.0,0.0,0.41889977206924167,5.0,0.3125,1.3152873790965947
Stephen McManus (10/11),27.0,27.839038447059146,17.0,0.0,0.0,"Championship, FA Cup, League Cup",left,17.0,1.0,0.058823529411764705,188.0,18.0,2.63,1530.0,1.411764705882353,D,0.0,0.0,0.0,0.0,0.0,0.9664811734669432,5.0,0.29411764705882354,1.3461118715150553
Stephen McManus (11/12),28.0,27.839038447059146,30.0,0.0,0.0,"Championship, FA Cup, League Cup",left,27.0,0.0,0.0,188.0,37.0,2.63,2109.0,1.7029999999999998,D,0.0,0.0,0.0,1.0,3.0,1.968555138024737,4.0,0.17069701280227595,1.3116262854160554
Stephen McManus (12/13),29.0,27.839038447059146,10.0,0.0,0.0,"Championship, FA Cup, League Cup",left,10.0,0.0,0.0,188.0,18.0,1.31,900.0,1.3,D,0.0,0.0,0.0,0.0,0.0,2.9678911955755423,2.0,0.2,1.1081440905629152
Stephen Walker (18/19),18.0,,4.0,1.0,1.40625,"Championship, FA Cup, League Cup",,2.0,0.0,0.0,,4.0,,64.0,3.0,M,0.0,0.0,0.0,0.0,2.0,,0.0,0.0,0.5599075212978147
Stephen Walker (19/20),19.0,,14.0,0.0,0.0,"Championship, League Cup",,8.0,0.0,0.0,,1.0,,179.0,0.9285714285714286,F,0.0,0.0,0.0,2.0,6.0,,0.0,0.0,1.2741586252862533
Stewart Downing (15/16),31.0,30.982155691081953,56.0,6.0,0.14022331861854065,"Championship, FA Cup, League Cup",left,49.0,3.0,0.07011165930927032,180.0,52.0,4.5,3851.0,1.9464285714285714,M,0.0,0.0,19.0,12.0,7.0,0.9610053594529662,1.0,0.023370553103090108,2.4771113972486294
Stewart Downing (16/17),32.0,30.982155691081953,46.0,3.0,0.09414225941422594,"FA Cup, League Cup, Premier League",left,38.0,3.0,0.09414225941422594,180.0,45.0,3.4,2868.0,1.1254347826086957,M,0.0,0.0,19.0,4.0,8.0,1.9603414170037714,3.0,0.09414225941422594,3.572108249097873
Stewart Downing (17/18),33.0,30.982155691081953,53.0,7.0,0.17422566371681417,"Championship, Championship Playoffs, FA Cup, League Cup",left,47.0,3.0,0.07466814159292036,180.0,47.0,2.25,3616.0,1.701132075471698,M,0.0,0.0,19.0,19.0,6.0,2.9596774745545766,1.0,0.024889380530973452,2.9616483383129273
Stewart Downing (18/19),34.0,30.982155691081953,52.0,1.0,0.03597122302158273,"Championship, FA Cup, League Cup",left,39.0,2.0,0.07194244604316546,180.0,3.0,1.8,2502.0,1.4711538461538463,M,0.0,0.0,19.0,12.0,13.0,3.959013532105382,2.0,0.07194244604316546,3.0612111935874244
Stuart Parnaby (12/13),29.0,29.955440563461263,23.0,1.0,0.07537688442211055,"Championship, FA Cup, League Cup",right,18.0,0.0,0.0,178.0,25.0,0.563,1194.0,2.217391304347826,D,0.0,0.0,0.0,3.0,5.0,0.9965981505438167,1.0,0.07537688442211055,1.0675977276310582
Stuart Parnaby (13/14),30.0,29.955440563461263,5.0,0.0,0.0,"Championship, FA Cup, League Cup",right,3.0,0.0,0.0,178.0,7.0,0.375,208.0,0.33,D,0.0,0.0,21.0,1.0,2.0,1.995934208094622,0.0,0.0,0.8418252203714287
Tarmo Kink (10/11),24.0,24.73425190113418,1.0,0.0,0.0,"FA Cup, League Cup",left,1.0,0.0,0.0,183.0,2.0,0.3,90.0,0.0,M,0.0,0.0,0.0,0.0,0.0,0.9993360575508052,1.0,1.0,1.0405977678298526
Tarmo Kink (11/12),25.0,24.73425190113418,4.0,0.0,0.0,"Championship, FA Cup, League Cup",left,2.0,0.0,0.0,183.0,11.0,0.75,30.0,3.0,M,0.0,0.0,0.0,0.0,2.0,2.001410022108599,0.0,0.0,1.3556267901359809
Tomás Kalas (14/15),21.0,21.65410651827211,18.0,1.0,0.06134969325153374,"Championship, Championship Playoffs, FA Cup, League Cup",right,17.0,0.0,0.0,184.0,18.0,4.5,1467.0,2.0,D,0.0,0.0,0.0,1.0,1.0,0.4736579122090118,0.0,0.0,1.374473381032924
Tomás Kalas (15/16),23.0,21.65410651827211,37.0,1.0,0.040779338468509285,"Championship, FA Cup, League Cup",right,30.0,0.0,0.0,184.0,49.0,2.25,2207.0,1.9199999999999997,D,0.0,0.0,26.0,2.0,7.0,1.4757318767668055,1.0,0.040779338468509285,1.0501002871986362
Tomás Mejías (13/14),24.0,25.0381595789099,1.0,0.0,0.0,"Championship, FA Cup, League Cup",right,1.0,0.0,0.0,195.0,1.0,0.6,90.0,0.0,G,0.0,0.0,0.0,0.0,0.0,0.37783116696441404,0.0,0.0,0.6210444970568623
Tomás Mejías (14/15),25.0,25.42694237390227,11.0,0.0,0.0,"Championship, Championship Playoffs, FA Cup, League Cup",right,10.0,0.0,0.0,195.0,31.0,0.225,855.0,1.2727272727272727,G,0.0,0.0,40.0,0.0,1.0,0.9883844295228512,0.0,0.0,0.9846866748632452
Tomás Mejías (15/16),27.0,25.42694237390227,6.0,0.0,0.0,"Championship, FA Cup, League Cup",right,6.0,0.0,0.0,195.0,39.0,0.188,600.0,2.0,G,0.0,0.0,13.0,0.0,0.0,1.990458394080645,0.0,0.0,0.30438024403527797
Tomás Mejías (17/18),29.0,25.42694237390227,0.0,0.0,0.0,"Championship, Championship Playoffs, FA Cup, League Cup",right,0.0,0.0,0.0,195.0,2.0,0.225,0.0,0.0,G,0.0,0.0,13.0,0.0,0.0,3.9891305091822558,0.0,0.0,0.6950550786765164
Tomás Mejías (19/20),31.0,30.423622661656296,2.0,0.0,0.0,"Championship, FA Cup, League Cup",right,2.0,0.0,0.0,195.0,3.0,0.36,180.0,0.5,G,0.0,0.0,1.0,0.0,0.0,0.9938602435368282,0.0,0.0,0.70498337110188
Tony McMahon (09/10),23.0,18.2727913646413,25.0,1.0,0.04613018964633521,"Championship, FA Cup, League Cup",right,23.0,0.0,0.0,180.0,32.0,0.75,1951.0,1.1704,D,0.0,0.0,0.0,2.0,2.0,5.99875425231182,2.0,0.09226037929267042,1.0738532601651674
Tony McMahon (10/11),24.0,18.2727913646413,23.0,1.0,0.047021943573667714,"Championship, FA Cup, League Cup",right,22.0,0.0,0.0,180.0,31.0,1.13,1914.0,1.2721739130434784,D,0.0,0.0,0.0,2.0,1.0,6.998090309862626,2.0,0.09404388714733543,1.1031323688378571
Tony McMahon (11/12),25.0,18.2727913646413,45.0,4.0,0.12024048096192384,"Championship, FA Cup, League Cup",right,39.0,1.0,0.03006012024048096,180.0,50.0,0.75,2994.0,1.5155555555555555,D,0.0,1.0,0.0,5.0,6.0,8.000164274420419,7.0,0.21042084168336672,0.7610575904772996
Tuncay Sanli (09/10),27.0,25.454321443972155,6.0,0.0,0.0,"Championship, FA Cup, League Cup",both,3.0,2.0,1.592920353982301,182.0,3.0,7.35,113.0,3.0,M,0.0,0.0,0.0,0.0,3.0,3.0007460796594043,0.0,0.0,2.6825022908431615
Tuncay Sanli (10/11),27.0,,6.0,0.0,0.0,Championship,,3.0,2.0,1.592920353982301,,3.0,,113.0,3.0,M,0.0,0.0,0.0,0.0,3.0,,0.0,0.0,1.498719910927444
Tyrone O'Neill (18/19),19.0,,0.0,0.0,0.0,League Cup,,0.0,0.0,0.0,,1.0,,0.0,0.0,F,0.0,0.0,0.0,0.0,0.0,,0.0,0.0,0.9549469399895194
Tyrone O'Neill (19/20),20.0,,2.0,0.0,0.0,Championship,,1.0,0.0,0.0,,0.0,,13.0,0.0,F,0.0,0.0,0.0,0.0,1.0,,0.0,0.0,0.999348346124615
Viktor Fischer (16/17),22.0,22.062054662313393,26.0,3.0,0.31322505800464034,"FA Cup, League Cup, Premier League",right,19.0,0.0,0.0,181.0,32.0,4.25,862.0,1.2834615384615384,M,0.0,0.0,11.0,11.0,7.0,0.9993360575508052,0.0,0.0,2.3043364035877403
Víctor Valdés (16/17),35.0,34.47846293900628,28.0,0.0,0.0,"FA Cup, League Cup, Premier League",right,28.0,0.0,0.0,183.0,34.0,2.13,2520.0,0.68,G,0.0,0.0,26.0,0.0,0.0,0.9829086155088742,1.0,0.03571428571428571,2.14451779838691
Willo Flood (09/10),24.0,24.728776087120202,11.0,0.0,0.0,"Championship, FA Cup, League Cup",right,11.0,1.0,0.096051227321238,171.0,11.0,0.75,937.0,1.36,M,0.0,0.0,0.0,2.0,0.0,0.49556116826491986,0.0,0.0,1.2706041454351005
Willo Flood (10/11),25.0,24.728776087120202,11.0,0.0,0.0,"Championship, FA Cup, League Cup",right,11.0,1.0,0.096051227321238,171.0,11.0,0.75,937.0,1.36,M,0.0,0.0,0.0,2.0,0.0,1.4948972258157252,0.0,0.0,1.26869570386655
Yanic Wildschut (14/15),22.0,22.834144438284152,23.0,0.0,0.0,"Championship, Championship Playoffs, FA Cup, League Cup",right,13.0,2.0,0.5438066465256798,187.0,25.0,0.75,331.0,1.69,M,0.0,0.0,33.0,2.0,10.0,0.8295858231175178,0.0,0.0,1.9549824294227418
Yanic Wildschut (15/16),24.0,,2.0,0.0,0.0,"Championship, League Cup",,2.0,1.0,0.6666666666666666,,2.0,,135.0,1.5,M,0.0,0.0,0.0,1.0,0.0,,0.0,0.0,0.7790078754764185
Álvaro Negredo (16/17),31.0,30.916445922914228,49.0,4.0,0.11267605633802817,"FA Cup, League Cup, Premier League",left,42.0,11.0,0.30985915492957744,186.0,47.0,6.38,3195.0,0.9853061224489796,F,0.0,0.0,10.0,13.0,7.0,0.9473158244180236,9.0,0.2535211267605634,4.975743900256852
